Date, Open, High, Low, Close, Volume,sigma
2019-01-30,40.8125,41.5375,40.0575,41.3125,244439124,0.03312951156232791
2019-01-31,41.5275,42.25,41.14,41.61,162958592,0.021936077684826503
2019-02-01,41.74,42.245,41.4825,41.63,130672564,0.0203672916703207
2019-02-04,41.8525,42.9138,41.82,42.8125,125982320,0.02085931415811641
2019-02-05,43.215,43.77,43.0875,43.545,144406532,0.02080616465461699
2019-02-06,43.6625,43.8925,43.2133,43.56,112958360,0.02074975414064222
2019-02-07,43.1,43.485,42.585,42.735,126966756,0.021577561010559562
2019-02-08,42.2475,42.665,42.105,42.6025,95279884,0.02136153026988935
2019-02-11,42.7625,42.8025,42.3125,42.3575,83973720,0.020952256799137692
2019-02-12,42.525,42.75,42.425,42.7225,89134080,0.020692400966807988
2019-02-13,42.8475,43.12,42.48,42.545,89960920,0.020760375525283734
2019-02-14,42.4275,42.8154,42.345,42.7,87343000,0.020762206995989522
2019-02-15,42.8125,42.925,42.4375,42.605,98507244,0.02082583403397823
2019-02-19,42.4275,42.86,42.3725,42.7325,75891320,0.01978293882233873
2019-02-20,42.7975,43.33,42.7475,43.0075,104457436,0.019777908631615448
2019-02-21,42.95,43.0925,42.575,42.765,68998680,0.019694875824289696
2019-02-22,42.895,43.25,42.845,43.2425,75652600,0.018640491318853925
2019-02-25,43.54,43.9675,43.4875,43.5575,87493436,0.018320491431684943
2019-02-26,43.4275,43.825,43.2933,43.5825,68280844,0.017949551945296342
2019-02-27,43.3025,43.75,43.1825,43.7175,111341564,0.009883957084575562
2019-02-28,43.58,43.7275,43.23,43.2875,112861680,0.010250397282312116
2019-03-01,43.57,43.7875,43.2225,43.7425,103544680,0.010417565936105646
2019-03-04,43.9225,44.4375,43.4925,43.9625,109744796,0.008391468816358104
2019-03-05,43.985,44.0,43.635,43.8825,78949680,0.007503098926902803
2019-03-06,43.6675,43.8725,43.485,43.63,83241524,0.007636363711516987
2019-03-07,43.4675,43.61,43.005,43.125,99185476,0.006751197777240049
2019-03-08,42.58,43.2675,42.375,43.2275,95997436,0.006705709270880374
2019-03-11,43.8725,44.78,43.8375,44.725,128044116,0.010074366293925411
2019-03-12,45.0,45.6675,44.8425,45.2275,129870320,0.010174120385007606
2019-03-13,45.5625,45.825,45.23,45.4275,124130080,0.010025799855703723
2019-03-14,45.975,46.025,45.64,45.9325,94318040,0.01017705369513831
2019-03-15,46.2125,46.8325,45.935,46.53,156171640,0.010267640111530705
2019-03-18,46.45,47.0975,46.4475,47.005,104879320,0.010334276958903349
2019-03-19,47.0875,47.2475,46.48,46.6325,126585476,0.010746392932025114
2019-03-20,46.5575,47.3725,46.1825,47.04,124140920,0.010509608138601282
2019-03-21,47.505,49.0825,47.4525,48.7725,204136952,0.012746602045745403
2019-03-22,48.835,49.4225,47.695,47.7625,169630688,0.01417955260639462
2019-03-25,47.8775,47.995,46.65,47.185,175381156,0.014685680269679112
2019-03-26,47.916,48.22,46.145,46.6975,199202156,0.015064533694484012
2019-03-27,47.1875,47.44,46.6375,47.1175,119393720,0.014748767555290976
2019-03-28,47.2375,47.3898,46.8825,47.18,83121436,0.014693783376629315
2019-03-29,47.4575,47.52,47.135,47.4875,94255844,0.01470302821007565
2019-04-01,47.91,47.92,47.095,47.81,111447844,0.014640753463664715
2019-04-02,47.7725,48.615,47.7625,48.505,91062920,0.014581740317830024
2019-04-03,48.3125,49.125,48.2875,48.8375,93087320,0.0139695989730063
2019-04-04,48.6975,49.0925,48.285,48.9225,76457116,0.013981196865045216
2019-04-05,49.1125,49.275,48.9825,49.25,74106564,0.012230542547630615
2019-04-08,49.105,50.0575,49.085,50.025,103526796,0.012397280378861631
2019-04-09,50.08,50.7125,49.8075,49.875,143072952,0.012545555419562461
2019-04-10,49.67,50.185,49.545,50.155,86781156,0.012459781413662944
2019-04-11,50.2125,50.25,49.6108,49.7375,83603244,0.01263068396885207
2019-04-12,49.8,50.035,49.0525,49.7175,111042680,0.012556133107890275
2019-04-15,49.645,49.9625,49.5025,49.8075,70146600,0.012279808892404787
2019-04-16,49.865,50.3425,49.64,49.8125,102785564,0.01223662161826669
2019-04-17,49.885,50.845,49.6525,50.7825,115627116,0.01002587903309677
2019-04-18,50.78,51.0375,50.63,50.965,96783080,0.008355257874583084
2019-04-22,50.7075,51.235,50.585,51.1325,77758204,0.007462882538064968
2019-04-23,51.1075,51.9375,50.975,51.87,93291960,0.006913894371369249
2019-04-24,51.84,52.12,51.7625,51.79,70162436,0.00704503141547273
2019-04-25,51.7075,51.94,51.28,51.32,74172844,0.007719232666859742
2019-04-26,51.225,51.25,50.53,51.075,74596400,0.007982575955953773
2019-04-29,51.1,51.4925,50.965,51.1525,88818884,0.007967048164359544
2019-04-30,50.765,50.85,49.7775,50.1675,186139688,0.009082149043715203
2019-05-01,52.47,53.8275,52.3075,52.63,259309312,0.014142205873381858
2019-05-02,52.46,53.1625,52.0325,52.2875,127985280,0.014341802475239538
2019-05-03,52.7225,52.96,52.5575,52.9375,83569524,0.014470320274591752
2019-05-06,51.0725,52.21,50.875,52.12,129772436,0.01481779913616678
2019-05-07,51.47,51.8544,50.2063,50.715,155054796,0.016241517431782645
2019-05-08,50.475,51.335,50.4375,50.725,105358000,0.016203576036018266
2019-05-09,50.1,50.42,49.165,50.18,139634436,0.016287891381866464
2019-05-10,49.3548,49.7125,48.1925,49.295,164834844,0.016817515831292602
2019-05-13,46.9275,47.37,45.7125,46.43,229722484,0.02139383187111472
2019-05-14,46.6025,47.425,46.3525,47.165,146118720,0.021839422982230818
2019-05-15,46.5675,47.9375,46.505,47.73,106178884,0.021482580106306187
2019-05-16,47.4775,48.1172,47.21,47.52,132125436,0.021423693002763824
2019-05-17,46.7325,47.725,46.69,47.25,131516360,0.021365553836085682
2019-05-20,45.88,46.0873,45.071,45.7725,154449156,0.021753016368170706
2019-05-21,46.305,47.0,46.175,46.65,113459400,0.02251232838822695
2019-05-22,46.165,46.4275,45.6375,45.695,118994244,0.022770394343116104
2019-05-23,44.95,45.135,44.4525,44.915,146118952,0.02291255470846029
2019-05-24,45.05,45.535,44.655,44.7425,94858756,0.022841365655885043
2019-05-28,44.73,45.1475,44.4775,44.5575,111792640,0.022644873700524596
2019-05-29,44.105,44.8375,44.0,44.345,113924680,0.018328857062026395
2019-05-30,44.4875,44.8075,44.1675,44.575,84873640,0.018604822044799862
2019-05-31,44.0575,44.4975,43.7475,43.7675,108174320,0.018034310530803718
2019-06-03,43.9,44.48,42.5675,43.325,161584280,0.01798311434167259
2019-06-04,43.86,44.9575,43.63,44.91,123871844,0.02031775232926771
2019-06-05,46.07,46.2475,45.285,45.635,119093720,0.020916332160139918
2019-06-06,45.77,46.3675,45.5372,46.305,90105244,0.02136005497528155
2019-06-07,46.6275,47.98,46.4425,47.5375,122737564,0.022187469728822084
2019-06-10,47.9525,48.8425,47.905,48.145,104883400,0.017668603045892236
2019-06-11,48.715,49.0,48.4,48.7025,107731524,0.01751074142034184
2019-06-12,48.4875,48.9925,48.3463,48.5475,73012756,0.017367644387038163
2019-06-13,48.675,49.1975,48.4,48.5375,86698524,0.017321301977826355
2019-06-14,47.8862,48.3966,47.575,48.185,75045884,0.017360232754953728
2019-06-17,48.225,48.74,48.0425,48.4725,58676560,0.015495826657255178
2019-06-18,49.0125,50.0725,48.8025,49.6125,106204000,0.0157753707084312
2019-06-19,49.92,49.97,49.3275,49.4675,84496960,0.014785014287847252
2019-06-20,50.0925,50.1525,49.5075,49.865,86055960,0.013863494258763563
2019-06-21,49.7,50.2125,49.5375,49.695,191202376,0.01384750490197429
2019-06-24,49.635,50.04,49.5425,49.645,72881680,0.013743140143303542
2019-06-25,49.6075,49.815,48.8225,48.8925,84281320,0.0143787373177822
2019-06-26,49.4425,50.2475,49.3375,49.95,104270040,0.014861506533308583
2019-06-27,50.0725,50.3925,49.8925,49.935,83598884,0.013769801939895304
2019-06-28,49.67,49.8738,49.2625,49.48,124442564,0.01370241261144645
2019-07-01,50.7925,51.1225,50.1625,50.3875,109266960,0.012063005810110243
2019-07-02,50.3525,50.7831,50.34,50.6825,67740884,0.011817620523518263
2019-07-03,50.82,51.11,50.6725,51.1025,45448200,0.01163431217677279
2019-07-05,50.8375,51.27,50.725,51.0575,69062080,0.01048421024282136
2019-07-08,50.2025,50.35,49.6025,50.005,101354524,0.011634470468267344
2019-07-09,49.8,50.3775,49.7025,50.31,82312080,0.011451879844729704
2019-07-10,50.4625,50.9325,50.39,50.8075,71588564,0.011530024341576595
2019-07-11,50.8275,51.0975,50.4275,50.4375,80767360,0.011733438368769257
2019-07-12,50.6125,51.0,50.55,50.825,70380844,0.011571608582933999
2019-07-15,51.0225,51.4675,51.0,51.3025,67789680,0.011648973201598955
2019-07-16,51.1475,51.5275,50.875,51.125,67467280,0.010614353021858564
2019-07-17,51.0125,51.2729,50.8175,50.8375,56429800,0.010696549372251559
2019-07-18,51.0,51.47,50.925,51.415,74328640,0.010835785004585267
2019-07-19,51.4475,51.625,50.59,50.6475,83717244,0.011440928339400008
2019-07-22,50.9125,51.8075,50.9025,51.805,89111720,0.012464999079293666
2019-07-23,52.115,52.2275,51.8225,52.21,73420844,0.01177063296188979
2019-07-24,51.9175,52.2875,51.7925,52.1675,59966280,0.010950644545067455
2019-07-25,52.2225,52.31,51.6825,51.755,55638240,0.011189212237477032
2019-07-26,51.87,52.4325,51.785,51.935,70475476,0.010866159003916647
2019-07-29,52.115,52.66,52.11,52.42,86693564,0.010324820532158021
2019-07-30,52.19,52.54,51.8275,52.195,135742876,0.010383934274497672
2019-07-31,54.105,55.3425,52.825,53.26,277125436,0.011160515680658793
2019-08-01,53.475,54.5075,51.6859,52.1075,216071688,0.012426960932707955
2019-08-02,51.3825,51.6075,50.4075,51.005,163448484,0.012480407590616052
2019-08-05,49.4975,49.6623,48.145,48.335,209571876,0.017412485187652683
2019-08-06,49.0775,49.5168,48.51,49.25,143299172,0.017871782283642508
2019-08-07,48.8525,49.89,48.455,49.76,133457592,0.018011381701459096
2019-08-08,50.05,50.8825,49.8475,50.8575,108038080,0.018666530275654417
2019-08-09,50.325,50.69,49.8225,50.2475,98479000,0.018726134634451837
2019-08-12,49.905,50.5129,49.7875,50.12,89927564,0.018720391803372868
2019-08-13,50.255,53.035,50.2075,52.2425,190159172,0.021125102328066633
2019-08-14,50.79,51.61,50.6467,50.6875,146189764,0.02215646503295304
2019-08-15,50.865,51.285,49.9175,50.435,111533436,0.021913210926882937
2019-08-16,51.07,51.79,50.96,51.625,115254476,0.021956728080202558
2019-08-19,52.655,53.1827,52.5063,52.5875,97727680,0.022307282090288462
2019-08-20,52.72,53.3375,52.58,52.59,107678116,0.022305088304127894
2019-08-21,53.2475,53.4125,52.9008,53.16,86259000,0.022319583819734118
2019-08-22,53.2975,53.6088,52.6875,53.115,89071280,0.022321939982679586
2019-08-23,52.3575,53.0128,50.25,50.66,187531360,0.024735690608801486
2019-08-26,51.465,51.7975,51.2643,51.6225,104264524,0.025163248646502556
2019-08-27,51.965,52.1375,50.8825,51.04,103589360,0.024763279611461766
2019-08-28,51.025,51.43,50.83,51.3825,63830520,0.0243615515466632
2019-08-29,52.125,52.33,51.6638,52.2525,84030600,0.02412918395955987
2019-08-30,52.54,52.6125,51.8,52.185,84650244,0.020338337810827868
2019-09-03,51.6075,51.745,51.055,51.425,80238280,0.020445455340612633
2019-09-04,52.0975,52.37,51.83,52.2975,76867280,0.020642311542509555
2019-09-05,53.0,53.4925,52.8775,53.32,95787524,0.02052032525111049
2019-09-06,53.5125,53.605,53.1275,53.315,77449156,0.020226668916742442
2019-09-09,53.71,54.11,52.7675,53.5425,109237600,0.02017740651206033
2019-09-10,53.465,54.195,52.9275,54.175,127111720,0.018027625653245213
2019-09-11,54.5175,55.9275,54.4325,55.8975,177158592,0.017512931064287404
2019-09-12,56.2,56.605,55.715,55.7713,128906680,0.017434986477328142
2019-09-13,55.0,55.1975,54.255,54.6875,159053204,0.01773938092227764
2019-09-16,54.4325,55.0325,54.39,54.975,84632564,0.017353040047503956
2019-09-17,54.99,55.205,54.78,55.175,73545884,0.017344586309737887
2019-09-18,55.265,55.7125,54.86,55.6925,102572360,0.01730961198128719
2019-09-19,55.5025,55.94,55.0925,55.24,88751524,0.01746982170452335
2019-09-20,55.345,55.64,54.3683,54.4325,231908360,0.013700052963595276
2019-09-23,54.7375,54.96,54.4125,54.68,77678600,0.013206037043681068
2019-09-24,55.2575,55.6225,54.2975,54.42,125737476,0.012891753797047737
2019-09-25,54.6375,55.375,54.2851,55.2575,89924040,0.013164251545970444
2019-09-26,55.0,55.235,54.7075,54.9725,76353244,0.01292409517448787
2019-09-27,55.135,55.24,54.3204,54.705,101445156,0.013011956710031783
2019-09-30,55.225,56.145,55.1975,55.9925,105274320,0.013160485234355214
2019-10-01,56.2675,57.055,56.05,56.1475,144748640,0.012816092504783641
2019-10-02,55.765,55.895,54.4825,54.74,143069048,0.013822370381188769
2019-10-03,54.6075,55.24,53.783,55.205,121410756,0.013908398722774891
2019-10-04,56.41,56.8725,55.9725,56.7525,139022204,0.015144251548500085
2019-10-07,56.5675,57.4825,56.46,56.765,123557080,0.015009932659378635
2019-10-08,56.455,57.015,56.0825,56.1,117130796,0.013551207173223768
2019-10-09,56.7575,56.9475,56.41,56.7575,76117680,0.013783377580376654
2019-10-10,56.9825,57.61,56.825,57.5225,115851920,0.013123387132758076
2019-10-11,58.2375,59.41,58.0769,59.0525,167960828,0.014217978293176595
2019-10-14,58.725,59.5336,58.6675,58.9675,97653920,0.014270165854574711
2019-10-15,59.0975,59.4125,58.72,58.83,92161920,0.014259634063046875
2019-10-16,58.3425,58.81,58.3,58.5925,77146756,0.014112780336004202
2019-10-17,58.7725,59.0375,58.38,58.82,69091600,0.01343719451497446
2019-10-18,58.6475,59.395,58.5725,59.1025,97508680,0.013437717750143489
2019-10-21,59.38,60.2475,59.33,60.1275,89469920,0.013576362004115874
2019-10-22,60.29,60.55,59.9055,59.99,90736000,0.013455276438792766
2019-10-23,60.525,60.81,60.305,60.795,79730204,0.013395476598503311
2019-10-24,61.1275,61.2,60.4513,60.895,71665040,0.013200189155164258
2019-10-25,60.79,61.6825,60.72,61.645,73477204,0.012597091340882815
2019-10-28,61.855,62.3125,61.68,62.2625,96572960,0.012630686359375403
2019-10-29,62.2425,62.4375,60.6425,60.8225,142839484,0.012374832732065634
2019-10-30,61.19,61.325,60.3025,60.815,124522080,0.012421972678422233
2019-10-31,61.81,62.2925,59.315,62.19,139162080,0.011919933773517077
2019-11-01,62.385,63.9825,62.29,63.955,151125312,0.013007603226201668
2019-11-04,64.3325,64.4613,63.845,64.375,103271796,0.012249053224379369
2019-11-05,64.2625,64.5475,64.08,64.2825,79897720,0.01235900014432978
2019-11-06,64.1925,64.3725,63.8413,64.31,75864476,0.01232078518859907
2019-11-07,64.685,65.0875,64.5275,64.8575,94940320,0.01129348828368949
2019-11-08,64.6725,65.11,64.2125,65.035,70082000,0.011201310217495439
2019-11-11,64.575,65.6175,64.57,65.55,82029844,0.011063011798184865
2019-11-12,65.3875,65.6975,65.23,65.49,87388920,0.010931725047371795
2019-11-13,65.2825,66.195,65.2675,66.1175,103270360,0.010950568516280167
2019-11-14,65.9375,66.22,65.525,65.66,89582244,0.01135813920428887
2019-11-15,65.92,66.445,65.7525,66.44,100374680,0.011111186173514854
2019-11-18,66.45,66.8575,66.0575,66.775,86803600,0.0109583664246829
2019-11-19,66.975,67.0,66.3482,66.5725,76278400,0.010965544258256564
2019-11-20,66.385,66.5208,65.1,65.7975,106439680,0.011587069314781826
2019-11-21,65.9225,66.0013,65.295,65.5025,121395116,0.011570023119943902
2019-11-22,65.6475,65.795,65.21,65.445,65325040,0.011486360727741708
2019-11-25,65.6775,66.61,65.63,66.5925,84118080,0.010115056650557603
2019-11-26,66.735,66.79,65.625,66.0725,105339524,0.010471505663158109
2019-11-27,66.395,66.995,66.3275,66.96,65544476,0.009774579709588649
2019-11-29,66.65,67.0,66.475,66.8125,46617440,0.00785649032605349
2019-12-02,66.8175,67.0625,65.8625,66.04,94774204,0.008395986939456153
2019-12-03,64.5775,64.8825,64.0725,64.8625,117509080,0.00947439796520584
2019-12-04,65.2675,65.8275,65.17,65.435,67241564,0.009664104280985731
2019-12-05,65.9475,66.4725,65.6825,66.395,74645360,0.010027969350665739
2019-12-06,66.87,67.75,66.825,67.6775,106189960,0.010849345508409448
2019-12-09,67.5,67.7,66.2275,66.73,128730600,0.011355841562559707
2019-12-10,67.15,67.5175,66.465,67.12,90529524,0.011398297962406765
2019-12-11,67.2025,67.775,67.125,67.6925,78893564,0.011358604439658082
2019-12-12,66.945,68.14,66.8303,67.865,137748156,0.01118427984580624
2019-12-13,67.865,68.825,67.7325,68.7875,131677592,0.011276620824855928
2019-12-16,69.25,70.1975,69.245,69.965,128324436,0.011792685227823901
2019-12-17,69.8925,70.4425,69.7,70.1025,114303204,0.01171733377513375
2019-12-18,69.95,70.475,69.78,69.935,116098756,0.011267992439263935
2019-12-19,69.875,70.295,69.7375,70.005,98507796,0.011127576634361987
2019-12-20,70.5575,70.6625,69.64,69.86,276130936,0.011157368963620467
2019-12-23,70.1325,71.0625,70.0934,71.0,98711524,0.011075624799223296
2019-12-24,71.1725,71.2225,70.7299,71.0675,48478840,0.010759316191025563
2019-12-26,71.205,72.495,71.175,72.4775,93336000,0.011167483893647592
2019-12-27,72.78,73.4925,72.03,72.45,146371764,0.011116806193533328
2019-12-30,72.365,73.1725,71.305,72.88,144238436,0.010430630201304109
2019-12-31,72.4825,73.42,72.38,73.4125,100990524,0.008808295281306219
2020-01-02,74.06,75.15,73.7975,75.0875,135647436,0.009559638472932995
2020-01-03,74.2875,75.145,74.125,74.3575,146535516,0.010136864236473494
2020-01-06,73.4475,74.99,73.1875,74.95,118578564,0.00963213709189163
2020-01-07,74.96,75.225,74.37,74.5975,111510640,0.00878951426471489
2020-01-08,74.29,76.11,74.289,75.7975,132363796,0.009093461358768004
2020-01-09,76.8088,77.6075,76.55,77.4075,170486156,0.009701551478708652
2020-01-10,77.65,78.1675,77.0625,77.5825,140869092,0.009709312356644047
2020-01-13,77.91,79.2675,77.7875,79.24,122086884,0.010151116223249311
2020-01-14,79.175,79.3925,78.0425,78.17,162613844,0.010942797200879272
2020-01-15,77.9625,78.875,77.3875,77.835,121923524,0.011159786816583929
2020-01-16,78.3975,78.925,78.0225,78.81,108829000,0.011092403762782387
2020-01-17,79.0675,79.685,78.75,79.6825,137816484,0.011062359836299508
2020-01-21,79.2975,79.755,79.0,79.1425,110843244,0.01132385227240097
2020-01-22,79.645,79.9975,79.3275,79.425,101832476,0.011094403912373542
2020-01-23,79.48,79.89,78.9125,79.8075,104471960,0.011032380110134939
2020-01-24,80.0625,80.8325,79.3797,79.5775,146537516,0.010695818978403118
2020-01-27,77.515,77.9425,76.22,77.2375,161940032,0.013268100604547348
2020-01-28,78.15,79.6,78.0475,79.4225,162233952,0.01443946974011484
2020-01-29,81.1125,81.9625,80.345,81.085,216599720,0.014910294123748058
2020-01-30,80.136,81.0225,79.6875,80.9675,126743244,0.01436025467882956
2020-01-31,80.2325,80.67,77.0725,77.3775,199588408,0.017954066365143125
2020-02-03,76.075,78.3725,75.555,77.165,173985592,0.017932791405854076
2020-02-04,78.8275,79.91,78.4086,79.7125,136616516,0.019226907401226304
2020-02-05,80.88,81.19,79.7375,80.3625,118826884,0.019027477639084623
2020-02-06,80.6425,81.305,80.0662,81.3025,105425564,0.018648501368337674
2020-02-07,80.5925,80.85,79.5,80.0075,117684040,0.019135672295859957
2020-02-10,78.545,80.3875,78.4625,80.3875,109348884,0.018562799861232188
2020-02-11,80.9,80.975,79.6775,79.9025,94323116,0.018317807220617512
2020-02-12,80.3675,81.805,80.3675,81.8,113730280,0.018959443198839576
2020-02-13,81.0475,81.555,80.8375,81.2175,94747564,0.018934675033499007
2020-02-14,81.185,81.495,80.7125,81.2375,80113796,0.01880120236597083
2020-02-18,78.84,79.9375,78.6525,79.75,152762204,0.01925333978744354
2020-02-19,80.0,81.1425,80.0,80.905,93983960,0.019508605533752218
2020-02-20,80.6575,81.1625,79.5525,80.075,100565960,0.01965735607077802
2020-02-21,79.655,80.1125,77.625,78.2625,129705680,0.020348538208172052
2020-02-24,74.315,76.045,72.3075,74.545,222195328,0.022114500550987903
2020-02-25,75.2375,75.6325,71.5325,72.02,230673436,0.022039970055428567
2020-02-26,71.6325,74.47,71.625,73.1625,198713736,0.02173848863147777
2020-02-27,70.275,71.5,68.24,68.38,320605500,0.025713158426955932
2020-02-28,64.315,69.6025,64.0925,68.34,426884812,0.02424584650732522
2020-03-02,70.57,75.36,69.43,74.7025,341397376,0.03329396176131211
2020-03-03,75.9175,76.0,71.45,72.33,319475408,0.03291142692226613
2020-03-04,74.11,75.85,73.2825,75.685,219178264,0.034846066906456634
2020-03-05,73.88,74.8875,72.8525,73.23,187572876,0.035309107885711
2020-03-06,70.5,72.705,70.3075,72.2575,226176984,0.035268390939225285
2020-03-09,65.9375,69.5225,65.75,66.5425,286744844,0.03905341616873969
2020-03-10,69.285,71.61,67.3425,71.335,285290092,0.043279615278823305
2020-03-11,69.3475,70.305,67.965,68.8575,256379876,0.04319548042380999
2020-03-12,63.985,67.5,62.0,62.0575,418473968,0.04793021543723677
2020-03-13,66.2225,69.98,63.2375,69.4925,370732124,0.05679162907767085
2020-03-16,60.4875,64.77,60.0,60.5525,322423500,0.06331364051833169
2020-03-17,61.8775,64.4025,59.6,63.215,324055876,0.06436415469405368
2020-03-18,59.9425,62.5,59.28,61.6675,300233624,0.06443849531182777
2020-03-19,61.8463,63.21,60.6525,61.195,271857032,0.06438866367584542
2020-03-20,61.795,62.9575,57.0,57.31,401693188,0.0649951026924689
2020-03-23,57.02,57.1249,53.1525,56.0925,336752844,0.06482050855144399
2020-03-24,59.09,61.9225,58.575,61.72,287531064,0.06949781228254916
2020-03-25,62.6875,64.5625,61.075,61.38,303602064,0.06802825195744433
2020-03-26,61.63,64.67,61.59,64.61,252560672,0.06923830635745547
2020-03-27,63.1875,63.9675,61.7625,61.935,204216608,0.06591380267954877
2020-03-30,62.685,63.88,62.35,63.7025,167976452,0.06614503480378962
2020-03-31,63.9,65.6225,63.0,63.5725,197002000,0.06499506180529586
2020-04-01,61.625,62.18,59.7825,60.2275,176218564,0.0655937077727554
2020-04-02,60.085,61.2875,59.225,61.2325,165933952,0.06582445227026934
2020-04-03,60.7,61.425,59.7435,60.3525,129880080,0.06349902241431205
2020-04-06,62.725,65.7775,62.345,65.6175,200337200,0.06458714891174985
2020-04-07,67.7,67.925,64.75,64.8575,202887328,0.06416048705113957
2020-04-08,65.685,66.8425,65.3075,66.5175,168895280,0.059853017232938656
2020-04-09,67.175,67.5175,66.175,66.9975,162116484,0.053082526442827516
2020-04-13,67.0775,68.425,66.4575,68.3125,131022920,0.04318371636556528
2020-04-14,70.0,72.0625,69.5125,71.7625,194994688,0.04351720662380933
2020-04-15,70.6,71.5825,70.1575,71.1075,131154564,0.04302869875817861
2020-04-16,71.845,72.0494,70.5875,71.6725,157125156,0.042853958525176934
2020-04-17,71.1725,71.7363,69.215,70.7,215249920,0.039552895123864944
2020-04-20,69.4875,70.42,69.2125,69.2325,130015000,0.039530402359253466
2020-04-21,69.07,69.3125,66.3575,67.0925,180991548,0.03433837049012975
2020-04-22,68.4025,69.475,68.05,69.025,117057360,0.03465843928447835
2020-04-23,68.9675,70.4375,68.7175,68.7575,124814320,0.03288294317446475
2020-04-24,69.3,70.7525,69.25,70.7425,126508720,0.0314384187130537
2020-04-27,70.45,71.135,69.9875,70.7925,117087564,0.031048849966011254
2020-04-28,71.27,71.4575,69.55,69.645,112004756,0.03142106895319775
2020-04-29,71.1825,72.4175,70.9725,71.9325,137280796,0.028670332333340556
2020-04-30,72.49,73.6325,72.0875,73.45,183063876,0.028747172320199618
2020-05-01,71.5625,74.75,71.4625,72.2675,240616720,0.028831174983656654
2020-05-04,72.2925,73.4225,71.5793,73.29,133567952,0.022009765865648127
2020-05-05,73.765,75.25,73.615,74.39,147751204,0.021668086750501914
2020-05-06,75.115,75.81,74.7175,75.1575,142333764,0.021237089843932425
2020-05-07,75.805,76.2925,75.4925,75.935,115215040,0.02125376499108486
2020-05-08,76.41,77.5875,76.0725,77.5325,134047952,0.021303360020009852
2020-05-11,77.025,79.2625,76.81,78.7525,145946236,0.01868173211925281
2020-05-12,79.4575,79.922,77.7275,77.8525,162301048,0.018786034934750055
2020-05-13,78.0375,78.9875,75.8025,76.9125,200622564,0.01916614954383629
2020-05-14,76.1275,77.4475,75.3825,77.385,158929092,0.018696100427205396
2020-05-15,75.0875,76.975,75.0525,76.9275,166348360,0.01785417043064748
2020-05-18,78.2925,79.125,77.581,78.74,135372516,0.015914698906783792
2020-05-19,78.7575,79.63,78.2525,78.285,101729564,0.015443861362686941
2020-05-20,79.17,79.88,79.05,79.8075,111504884,0.015478448616583353
2020-05-21,79.665,80.2225,78.9675,79.2125,102688844,0.014991581299251848
2020-05-22,78.9425,79.8075,78.8375,79.7225,81803000,0.014935106782469733
2020-05-26,80.875,81.06,79.125,79.1825,125521796,0.014285063551730653
2020-05-27,79.035,79.6775,78.2725,79.5275,112945080,0.01282846157349959
2020-05-28,79.1925,80.86,78.9075,79.5625,133796408,0.012285881312577681
2020-05-29,79.8125,80.2875,79.1175,79.485,153598108,0.011345567214976694
2020-06-01,79.4375,80.5875,79.3025,80.4625,81018600,0.011271106938503406
2020-06-02,80.1863,80.86,79.7325,80.835,87642796,0.0110067677105816
2020-06-03,81.165,81.55,80.575,81.28,104491204,0.010919024596745232
2020-06-04,81.0975,81.405,80.195,80.58,87560360,0.011187831553855061
2020-06-05,80.8375,82.9375,80.8075,82.875,137250204,0.011951786006277798
2020-06-08,82.5625,83.4,81.83,83.365,95654524,0.01160419639964049
2020-06-09,83.035,86.4025,83.0025,85.9975,147712360,0.012757476719985408
2020-06-10,86.975,88.6925,86.5225,88.21,166651764,0.012840330161683107
2020-06-11,87.3275,87.765,83.87,83.975,201662436,0.018063283118846883
2020-06-12,86.18,86.95,83.5558,84.7,200146048,0.01790654779975719
2020-06-15,83.3125,86.42,83.145,85.7475,138808920,0.01744826577234582
2020-06-16,87.865,88.3,86.18,88.02,165428720,0.017941799725165526
2020-06-17,88.7875,88.85,87.7725,87.8975,114406524,0.017731823026835736
2020-06-18,87.8525,88.3625,87.305,87.9325,96820400,0.017509460946444257
2020-06-19,88.6588,89.14,86.2875,87.43,264475812,0.017700315718905936
2020-06-22,87.835,89.865,87.7875,89.7175,135445280,0.018089882551869725
2020-06-23,91.0,93.095,90.5675,91.6325,212155484,0.018382373094504353
2020-06-24,91.25,92.1975,89.63,90.015,192623392,0.019225641740106658
2020-06-25,90.175,91.25,89.3925,91.21,137522532,0.01918779405568463
2020-06-26,91.1025,91.33,88.255,88.4075,205256828,0.02103308821596029
2020-06-29,88.3125,90.5434,87.82,90.445,130646080,0.021427024836803903
2020-06-30,90.02,91.495,90.0,91.2,140223280,0.02143220262392713
2020-07-01,91.28,91.84,90.9775,91.0275,110737244,0.021226917141948215
2020-07-02,91.9625,92.6175,90.91,91.0275,114041476,0.02059603526532289
2020-07-06,92.5,93.945,92.4675,93.4625,118655640,0.021185080546966845
2020-07-07,93.8525,94.655,93.0575,93.1725,112424436,0.020359545056121555
2020-07-08,94.18,95.375,94.09,95.3425,117091884,0.020225097265929186
2020-07-09,96.2625,96.3175,94.6725,95.6825,125642600,0.015789425605941942
2020-07-10,95.335,95.98,94.7052,95.92,90257320,0.015817347222371516
2020-07-13,97.265,99.955,95.2575,95.4775,191649156,0.015957675176219703
2020-07-14,94.84,97.255,93.8775,97.0575,170989360,0.015393458292797025
2020-07-15,98.99,99.2475,96.49,97.725,153197920,0.015311337959137741
2020-07-16,96.5625,97.405,95.905,96.5225,110577680,0.015824671985574183
2020-07-17,96.9875,97.1475,95.84,96.3275,92186920,0.01570749935786292
2020-07-20,96.4163,98.5,96.0625,98.3575,90317920,0.015370443591004278
2020-07-21,99.1725,99.25,96.7425,97.0,103645844,0.01540423670014853
2020-07-22,96.6925,97.975,96.6025,97.2725,89001640,0.014564229636509876
2020-07-23,96.9985,97.0775,92.0098,92.845,197004452,0.018294426107586127
2020-07-24,90.9875,92.97,89.145,92.615,185438876,0.01663750284798127
2020-07-27,93.71,94.905,93.48,94.81,121214204,0.01668277857216239
2020-07-28,94.3675,94.5497,93.2475,93.2525,103625524,0.017171047463174438
2020-07-29,93.75,95.23,93.7125,95.04,90329244,0.01762640367420678
2020-07-30,94.1875,96.2975,93.7675,96.19,158130048,0.017752209930092556
2020-07-31,102.8838,106.415,100.825,106.26,374295500,0.028983039888918156
2020-08-03,108.2,111.6364,107.8925,108.9375,308151408,0.0291530192215765
2020-08-04,109.1325,110.79,108.3875,109.665,172792360,0.028937853418097383
2020-08-05,109.3775,110.3925,108.8975,110.0625,121991960,0.028937383127668113
2020-08-06,110.405,114.4125,109.7975,113.9025,202428920,0.029556329948962345
2020-08-07,113.205,113.675,110.2925,111.1125,198045592,0.030422386801322303
2020-08-10,112.6,113.775,110.0,112.7275,212403436,0.030396058302974874
2020-08-11,111.9688,112.4825,109.1067,109.375,187902376,0.03162920212208732
2020-08-12,110.4975,113.275,110.2975,113.01,165944828,0.031857299722399195
2020-08-13,114.43,116.0425,113.9275,115.01,210082080,0.03180632049570027
2020-08-14,114.8288,115.0,113.045,114.9075,165565204,0.03177444280348826
2020-08-17,116.0625,116.0875,113.9625,114.6075,119561436,0.03143642083454874
2020-08-18,114.3525,116.0,114.0075,115.5625,105633564,0.03139885451712757
2020-08-19,115.9833,117.1625,115.61,115.7075,145538000,0.028544479793615005
2020-08-20,115.75,118.392,115.7334,118.275,126907204,0.02840890944221396
2020-08-21,119.2625,124.868,119.25,124.37,338054656,0.029663599465911687
2020-08-24,128.6975,128.785,123.9363,125.8575,345937752,0.02870339877092299
2020-08-25,124.6975,125.1793,123.0525,124.825,211495812,0.029232483657935602
2020-08-26,126.1793,126.9925,125.0825,126.5225,163022264,0.029226698745496132
2020-08-27,127.1425,127.485,123.8325,125.01,155552408,0.02017046948956483
2020-08-28,126.0125,126.4425,124.5775,124.8075,187629920,0.019894245810775896
2020-08-31,127.58,131.0,126.0,129.04,225702703,0.02080208483934775
2020-09-01,132.76,134.8,130.53,134.18,152470094,0.021929355696605195
2020-09-02,137.59,137.98,127.0,131.4,200119016,0.022231480164435175
2020-09-03,126.91,128.84,120.5,120.88,257599594,0.029257781587257094
2020-09-04,120.07,123.7,110.89,120.96,332607188,0.029175834122559342
2020-09-08,113.95,118.99,112.68,112.82,231366594,0.03266157394910812
2020-09-09,117.26,119.14,115.26,117.32,176940500,0.033046679300029747
2020-09-10,120.36,120.5,112.5,113.49,182274406,0.033770786921308756
2020-09-11,114.57,115.23,110.0,112.0,180860297,0.03390216714542712
2020-09-14,114.72,115.93,112.8,115.355,140150094,0.034620797464407965
2020-09-15,118.33,118.829,113.61,115.54,184642000,0.03457514797786568
2020-09-16,115.23,116.0,112.04,112.13,155026703,0.03525497677810975
2020-09-17,109.72,112.2,108.71,110.34,178011016,0.03494276001061098
2020-09-18,110.4,110.88,106.09,106.84,287104906,0.032875218481395546
2020-09-21,104.54,110.19,103.1,110.08,195713797,0.03373612338744328
2020-09-22,112.68,112.86,109.16,111.81,183055391,0.03411227904276831
2020-09-23,111.62,112.11,106.77,107.12,150718703,0.0347836442934265
2020-09-24,105.17,110.25,105.0,108.22,167743297,0.035021110762665404
2020-09-25,108.43,112.44,107.67,112.28,149981406,0.03647409414628183
2020-09-28,115.01,115.32,112.78,114.96,137672406,0.03594919092299449
2020-09-29,114.55,115.31,113.57,114.09,100060492,0.03423682154695115
2020-09-30,113.79,117.26,113.62,115.81,142675203,0.03447825291442459
2020-10-01,117.64,117.72,115.83,116.79,116120398,0.02955049715970411
2020-10-02,112.89,115.37,112.22,113.02,144712000,0.03037812377597497
2020-10-05,113.91,116.65,113.55,116.5,106243797,0.027015601791144112
2020-10-06,115.7,116.12,112.25,113.16,161498203,0.02624681336696173
2020-10-07,114.62,115.55,114.13,115.08,96848992,0.02543903669454968
2020-10-08,116.25,116.4,114.5901,114.97,83477148,0.02521466499563664
2020-10-09,115.28,117.0,114.92,116.97,100506898,0.02458910766848055
2020-10-12,120.06,125.18,119.2845,124.4,240226797,0.028467797868707526
2020-10-13,125.27,125.39,119.65,121.1,262330500,0.028278480287118476
2020-10-14,121.0,123.03,119.62,121.19,151062297,0.027865667843586368
2020-10-15,118.72,121.2,118.15,120.71,112559203,0.026510795473450286
2020-10-16,121.28,121.548,118.81,119.02,115393797,0.02627256827554797
2020-10-19,119.96,120.419,115.66,115.98,120639297,0.02698445212374469
2020-10-20,116.2,118.98,115.63,117.51,124423695,0.024844996165051234
2020-10-21,116.67,118.705,116.45,116.87,89945984,0.024927395789660703
2020-10-22,117.45,118.04,114.59,115.75,101988000,0.023760146809053643
2020-10-23,116.39,116.55,114.28,115.04,82572648,0.023207263748302013
2020-10-26,114.01,116.55,112.88,115.05,111850703,0.02312961439079102
2020-10-27,115.49,117.28,114.5399,116.6,92276766,0.023077081112428004
2020-10-28,115.05,115.43,111.1,111.2,143937797,0.025350565702247366
2020-10-29,112.37,116.93,112.2,115.32,146129203,0.025777940433213648
2020-10-30,111.06,111.99,107.72,108.86,190573500,0.027881432367470312
2020-11-02,109.11,110.68,107.32,108.77,122866898,0.02719133909898431
2020-11-03,109.66,111.49,108.73,110.44,107624398,0.027132151377709024
2020-11-04,114.14,115.59,112.35,114.95,138235500,0.028845657554573793
2020-11-05,117.95,119.62,116.8686,119.03,126387102,0.02972404205894149
2020-11-06,118.32,119.2,116.13,118.69,114457906,0.02562789564809656
2020-11-09,120.5,121.99,116.05,116.32,154515297,0.025323740880726826
2020-11-10,115.55,117.59,114.13,115.97,138023391,0.025317340830916572
2020-11-11,117.19,119.63,116.44,119.49,112295000,0.02637225124326809
2020-11-12,119.62,120.53,118.57,119.21,103350703,0.02616823843143987
2020-11-13,119.44,119.6717,117.87,119.26,81688594,0.025404483720130468
2020-11-16,118.92,120.99,118.146,120.3,91183023,0.025313410487908798
2020-11-17,119.55,120.6741,118.96,119.39,74270969,0.025350530707454653
2020-11-18,118.61,119.82,118.0,118.03,76322109,0.02539751616709399
2020-11-19,117.59,119.06,116.81,118.64,74112969,0.025345169406420606
2020-11-20,118.64,118.77,117.29,117.34,73604289,0.025515858278007817
2020-11-23,117.18,117.6202,113.75,113.85,127959297,0.026289452679845175
2020-11-24,113.91,115.85,112.59,115.17,113874203,0.02399167391356618
2020-11-25,115.55,116.75,115.17,116.03,76499234,0.02251333979854054
2020-11-27,116.57,117.49,116.22,116.59,46691328,0.01786527240828399
2020-11-30,116.97,120.97,116.81,119.05,169410203,0.018255950857551353
2020-12-01,121.01,123.4693,120.01,122.72,128166797,0.019074031376151487
2020-12-02,122.02,123.37,120.89,123.08,89004203,0.01707642729318921
2020-12-03,123.52,123.78,122.21,122.94,78967633,0.015263950691405001
2020-12-04,122.6,122.8608,121.52,122.25,78260414,0.01532376474744091
2020-12-07,122.31,124.57,122.25,123.75,86711992,0.014560861931161432
2020-12-08,124.37,124.98,123.09,124.38,82225516,0.014482263563631338
2020-12-09,124.53,125.95,121.0,121.78,115089203,0.014026231113003808
2020-12-10,120.5,123.87,120.15,123.24,81312172,0.014215282917151746
2020-12-11,122.43,122.76,120.55,122.41,86939789,0.014349323237505469
2020-12-14,122.6,123.35,121.54,121.78,79075992,0.014312704964785717
2020-12-15,124.34,127.9,124.13,127.88,157572297,0.018072095771267865
2020-12-16,127.41,128.37,126.56,127.81,98208594,0.017734594793213154
2020-12-17,128.9,129.58,128.045,128.7,94359805,0.01774399880118405
2020-12-18,128.96,129.1,126.12,126.655,192541500,0.018015775496134652
2020-12-21,125.02,128.31,123.449,128.23,121251602,0.016100254449196324
2020-12-22,131.61,134.405,129.65,131.88,169351812,0.016850293772597922
2020-12-23,132.16,132.43,130.78,130.96,88223688,0.017164651251604008
2020-12-24,131.32,133.46,131.1,131.97,54930059,0.017161520344545187
2020-12-28,133.99,137.34,133.51,136.69,124486203,0.018147606291094978
2020-12-29,138.05,138.789,134.3409,134.87,121047297,0.017811303975361608
2020-12-30,135.58,135.99,133.4,133.72,96452117,0.01808177891881693
2020-12-31,134.08,134.74,131.72,132.69,99116594,0.01825788746698746
2021-01-04,133.52,133.6116,126.76,129.41,143301906,0.019322384429117243
2021-01-05,128.89,131.74,128.43,131.01,97664898,0.0193248509234294
2021-01-06,127.72,131.0499,126.382,126.6,155088000,0.021077475590131015
2021-01-07,128.36,131.63,127.86,130.92,109578203,0.02165291434677007
2021-01-08,132.43,132.63,130.23,132.05,105158203,0.02159803640711591
2021-01-11,129.19,130.17,128.5,128.98,100620898,0.022366664370928595
2021-01-12,128.5,129.69,126.86,128.8,91951148,0.022307327384223318
2021-01-13,128.76,131.45,128.49,130.89,88636828,0.019531899425896126
2021-01-14,130.8,131.0,128.76,128.91,90221758,0.01989589471784702
2021-01-15,128.78,130.2242,127.0,127.14,111598492,0.020095808335266068
2021-01-19,127.78,128.71,126.938,127.83,90757328,0.01977854192242489
2021-01-20,128.66,132.49,128.55,132.03,104319508,0.020972168002995412
2021-01-21,133.8,139.67,133.59,136.87,120529508,0.021626165948476824
2021-01-22,136.28,139.85,135.02,139.07,114459398,0.021730443295783244
2021-01-25,143.07,145.09,136.54,142.92,157611703,0.02242312207760706
2021-01-26,143.6,144.3,141.37,143.16,98390562,0.02110237848079834
2021-01-27,143.43,144.3,140.41,142.06,140843812,0.020904359567971622
2021-01-28,139.52,141.99,136.7,137.09,142621109,0.02252904235149009
2021-01-29,135.83,136.74,130.21,131.96,177523812,0.024178408584474183
2021-02-01,133.75,135.38,130.93,134.14,106239797,0.02368328376404001
2021-02-02,135.73,136.31,134.61,134.99,83305367,0.023579117594033052
2021-02-03,135.76,135.77,133.61,133.94,89880945,0.022116396755604645
2021-02-04,136.3,137.4,134.59,137.39,84183055,0.021542459957258165
2021-02-05,137.35,137.42,135.86,136.76,75693828,0.021555799056283385
2021-02-08,136.03,136.96,134.92,136.91,71297211,0.020672882138540294
2021-02-09,136.62,137.877,135.85,136.01,76774211,0.020772779416425857
2021-02-10,136.48,136.99,134.4,135.39,73046562,0.020588197537156468
2021-02-11,135.9,136.39,133.77,135.13,64280031,0.02019773007164272
2021-02-12,134.35,135.53,133.6921,135.37,60145129,0.019807455148344463
2021-02-16,135.49,136.01,132.79,133.19,80576320,0.02030041284777457
2021-02-17,131.25,132.22,129.47,130.84,98085250,0.019370341415432674
2021-02-18,129.2,129.995,127.41,129.71,96856750,0.01723935696597983
2021-02-19,130.24,130.71,128.8,129.87,87668828,0.016669118168378277
2021-02-22,128.01,129.72,125.6,126.0,103916398,0.015900667635646414
2021-02-23,123.76,126.71,118.39,125.86,158272984,0.015833779104087085
2021-02-24,124.94,125.56,122.23,125.35,111039906,0.015842343053255797
2021-02-25,124.68,126.4585,120.54,120.99,148199500,0.01582212013830748
2021-02-26,122.59,124.85,121.2,121.26,164560406,0.014020369994370396
2021-03-01,123.75,127.93,122.79,127.79,116307906,0.01888050449467673
2021-03-02,128.41,128.72,125.01,125.12,102260898,0.019212482868653614
2021-03-03,124.81,125.71,121.84,122.06,112966305,0.01977633579002211
2021-03-04,121.75,123.6,118.62,120.13,178155016,0.018477126791789845
2021-03-05,120.98,121.935,117.57,121.42,153766594,0.01891221174901186
2021-03-08,120.93,121.0,116.21,116.36,154376609,0.02049074562650262
2021-03-09,119.03,122.06,118.79,121.085,129525797,0.023371184009548043
2021-03-10,121.69,122.17,119.45,119.98,111943297,0.023380731044888175
2021-03-11,122.54,123.21,121.26,121.96,103026492,0.023938315327182737
2021-03-12,120.4,121.17,119.16,121.03,88105047,0.023885107618172342
2021-03-15,121.41,124.0,120.42,123.99,92590562,0.02469379732511159
2021-03-16,125.7,127.22,124.715,125.57,115227906,0.024709042321389516
2021-03-17,124.05,125.8599,122.336,124.76,111932602,0.024680878483056338
2021-03-18,122.88,123.18,120.32,120.53,121469797,0.025738065493066845
2021-03-19,119.9,121.43,119.675,119.99,185549500,0.024950093912806184
2021-03-22,120.33,123.87,120.26,123.39,111912305,0.02592209776161567
2021-03-23,123.33,124.24,122.14,122.54,95467133,0.02595047220667698
2021-03-24,122.82,122.9,120.065,120.09,88530484,0.02508426839104
2021-03-25,119.54,121.66,119.0,120.59,98844680,0.025098142913766906
2021-03-26,120.35,121.48,118.92,121.21,94071234,0.021525930060169784
2021-03-29,121.65,122.58,120.7299,121.39,80819203,0.02107448228631051
2021-03-30,120.11,120.4031,118.86,119.9,85671922,0.020511223263530408
2021-03-31,121.65,123.52,121.15,122.15,118323797,0.020633241718440158
2021-04-01,123.66,124.18,122.49,123.0,75089125,0.02055301436815846
2021-04-05,123.87,126.1601,123.07,125.9,88651188,0.01838447385662538
2021-04-06,126.5,127.13,125.65,126.21,80171250,0.016147916042605907
2021-04-07,125.83,127.92,125.14,127.9,83466719,0.016088309400818682
2021-04-08,128.95,130.39,128.52,130.36,88844594,0.016222640654792994
2021-04-09,129.8,133.04,129.47,132.995,106686703,0.016405107877125118
2021-04-12,132.52,132.85,130.63,131.24,91419984,0.01621020438043998
2021-04-13,132.44,134.66,131.93,134.43,91266555,0.016797990825278407
2021-04-14,134.94,135.0,131.655,132.03,87222781,0.017375621670369473
2021-04-15,133.82,135.0,133.64,134.5,89347102,0.015202255075339465
2021-04-16,134.3,134.67,133.28,134.16,84922391,0.015134660389119274
2021-04-19,133.51,135.47,133.34,134.84,94264227,0.014135364351548406
2021-04-20,135.02,135.53,131.81,133.11,94812352,0.014469507318942063
2021-04-21,132.36,133.75,131.3001,133.5,68847133,0.01321860776045937
2021-04-22,133.04,134.15,131.41,131.94,84566461,0.013805949019953514
2021-04-23,132.16,135.12,132.16,134.32,78756781,0.014134961455526965
2021-04-26,134.83,135.06,133.56,134.72,66905070,0.014115454941149637
2021-04-27,135.01,135.41,134.11,134.39,66015797,0.013594907555980841
2021-04-28,134.31,135.02,133.08,133.58,107760094,0.013502220250621573
2021-04-29,136.47,137.07,132.45,133.48,151100984,0.013549616161043184
2021-04-30,131.78,133.56,131.065,131.46,109839508,0.013415429872139192
2021-05-03,132.04,134.07,131.83,132.54,75135102,0.013482577634604047
2021-05-04,131.19,131.4899,126.7,127.85,137564703,0.015775531315266347
2021-05-05,129.2,130.45,127.97,128.1,84000898,0.015094443279049529
2021-05-06,127.89,129.75,127.13,129.74,78128328,0.01460891351970055
2021-05-07,130.85,131.2582,129.475,130.21,78973273,0.014349008658349472
2021-05-10,129.41,129.54,126.81,126.85,88071234,0.01417599280706414
2021-05-11,123.5,126.27,122.77,125.91,126142797,0.01376265614682267
2021-05-12,123.4,124.64,122.25,122.77,112172305,0.0136853225963319
2021-05-13,124.58,126.15,124.26,124.97,105861297,0.014636666377416311
2021-05-14,126.25,127.89,125.85,127.45,81917953,0.015491839438153788
2021-05-17,126.82,126.93,125.17,126.27,74116555,0.015385289238129152
2021-05-18,126.56,126.99,124.78,124.85,63342930,0.015442775886804297
2021-05-19,123.16,124.915,122.86,124.69,92611992,0.015316824388633675
2021-05-20,125.23,127.72,125.1,127.31,76857117,0.015555539055192576
2021-05-21,127.82,128.0,125.21,125.43,79295438,0.01572734294861118
2021-05-24,126.01,127.94,125.94,127.1,63092953,0.016202023912206428
2021-05-25,127.82,128.32,126.32,126.9,72009477,0.01618503955159037
2021-05-26,126.955,127.39,126.42,126.85,56575922,0.01618746274254761
2021-05-27,126.44,127.64,125.08,125.28,94625602,0.016080445463263274
2021-05-28,125.57,125.8,124.55,124.61,71311109,0.01588248662866091
2021-06-01,125.08,125.35,123.94,124.28,67637117,0.013831173242167526
2021-06-02,124.28,125.24,124.05,125.06,59278859,0.013924588837122567
2021-06-03,124.68,124.85,123.13,123.54,76229172,0.013708615251482571
2021-06-04,124.07,126.16,123.85,125.89,75169344,0.014520940606791355
2021-06-07,126.17,126.32,124.8321,125.9,71057555,0.013293666132077966
2021-06-08,126.6,128.46,126.2101,126.74,74403766,0.013268467533562941
2021-06-09,127.21,127.75,126.52,127.13,56877941,0.011764179792946338
2021-06-10,127.02,128.19,125.94,126.11,71186414,0.011298317606455426
2021-06-11,126.53,127.44,126.1,127.35,53522367,0.01055700149757178
2021-06-14,127.82,130.54,127.07,130.48,96906484,0.011698613559976263
2021-06-15,129.94,130.6,129.39,129.64,62746328,0.01145028884809105
2021-06-16,130.37,130.89,128.461,130.15,91815031,0.011428600604806308
2021-06-17,129.8,132.55,129.65,131.79,96721672,0.01081050144768155
2021-06-18,130.71,131.51,130.24,130.46,108953297,0.010458065821420656
2021-06-21,130.3,132.41,129.21,132.3,79663320,0.010506472974972607
2021-06-22,132.13,134.08,131.62,133.98,74783617,0.010732123764006103
2021-06-23,133.77,134.32,133.23,133.7,60214199,0.010768171125167567
2021-06-24,134.45,134.64,132.93,133.41,68711000,0.010207546463224637
2021-06-25,133.46,133.89,132.81,133.11,70783750,0.010084616592585601
2021-06-28,133.41,135.245,133.35,134.78,62111301,0.01016981020116235
2021-06-29,134.8,136.49,134.35,136.33,64556078,0.010295290448945246
2021-06-30,136.17,137.41,135.87,136.96,63261391,0.009464284208997467
2021-07-01,136.6,137.33,135.76,137.27,52485781,0.008896418407449884
2021-07-02,137.9,140.0,137.745,139.96,78945570,0.009454410221033984
2021-07-06,140.07,143.15,140.07,142.02,108181797,0.009681191191889685
2021-07-07,143.535,144.89,142.66,144.57,104911602,0.01002278008650428
2021-07-08,141.58,144.06,140.665,143.24,105575508,0.010122810039410514
2021-07-09,142.75,145.65,142.6522,145.11,99890797,0.010203567404758323
2021-07-12,146.21,146.32,144.0,144.5,76299719,0.009556095371441241
2021-07-13,144.03,147.46,143.63,145.64,100827102,0.009123134014585052
2021-07-14,148.1,149.57,147.68,149.15,127050797,0.009979806323079602
2021-07-15,149.24,150.0,147.09,148.48,106820305,0.010237239347074451
2021-07-16,148.46,149.76,145.88,146.39,93251430,0.010626043016105433
2021-07-19,143.75,144.07,141.67,142.45,121434602,0.01285097028771196
2021-07-20,143.46,147.0997,142.96,146.15,96350039,0.01368535582885071
2021-07-21,145.53,146.13,144.63,145.4,74993453,0.013786311687526944
2021-07-22,145.935,148.195,145.81,146.8,77338156,0.013734124048621146
2021-07-23,147.55,148.7177,146.92,148.56,71447422,0.013697192992428418
2021-07-26,148.27,149.83,147.7,148.99,72434086,0.013615171587460995
2021-07-27,149.12,149.21,145.55,146.77,104818602,0.01428620054320374
2021-07-28,144.81,146.97,142.54,144.98,118931203,0.014757947827548383
2021-07-29,144.685,146.55,144.58,145.64,56699480,0.0147600586566208
2021-07-30,144.38,146.33,144.11,145.86,70440633,0.014218729559436245
2021-08-02,146.36,146.95,145.25,145.52,62879961,0.013924495872691078
2021-08-03,145.81,148.045,145.18,147.36,64786621,0.013623195401558522
2021-08-04,147.27,147.79,146.28,146.95,56368273,0.013432008248800106
2021-08-05,146.98,147.84,146.17,147.06,46397672,0.013133808022479277
2021-08-06,146.35,147.11,145.63,146.14,54126809,0.013185446994895442
2021-08-09,146.2,146.7,145.52,146.09,48908688,0.013070013091458508
2021-08-10,146.44,147.71,145.3,145.6,69023078,0.01173539564352975
2021-08-11,146.05,146.72,145.53,145.86,48493461,0.011725982102567995
2021-08-12,146.19,149.05,145.84,148.89,73779109,0.012259211480143082
2021-08-13,148.97,149.4444,148.27,149.1,59375008,0.010236168232151894
2021-08-16,148.535,151.19,146.47,151.12,103558797,0.008968375153662216
2021-08-17,150.23,151.68,149.09,150.19,92229742,0.009015215294428156
2021-08-18,149.8,150.72,146.15,146.36,86325992,0.01074510379280461
2021-08-19,145.03,148.0,144.5,146.7,86960312,0.010362798685123388
2021-08-20,147.44,148.5,146.78,148.19,60549633,0.010629808450458663
2021-08-23,148.31,150.19,147.89,149.71,60131809,0.010261321353549433
2021-08-24,149.45,150.86,149.15,149.62,48606434,0.009759526807629915
2021-08-25,149.81,150.32,147.8,148.36,58991301,0.010000105654498312
2021-08-26,148.35,149.12,147.51,147.54,48597199,0.010110722589172977
2021-08-27,147.48,148.75,146.83,148.6,55802391,0.01019014063654128
2021-08-30,149.0,153.49,148.61,153.12,90956719,0.011964874762681314
2021-08-31,152.66,152.8,151.29,151.83,86453117,0.012160882120135372
2021-09-01,152.83,154.98,152.34,152.51,80313711,0.012173226555707703
2021-09-02,153.87,154.72,152.4,153.65,71171320,0.012063769954922298
2021-09-03,153.76,154.63,153.09,154.3,57866070,0.01204510117288092
2021-09-07,154.97,157.26,154.39,156.69,82278258,0.01227081400576583
2021-09-08,156.98,157.04,153.975,155.11,74420211,0.012681937009470796
2021-09-09,155.49,156.11,153.95,154.07,57305727,0.012135724969492235
2021-09-10,155.0,155.48,148.7,148.97,140893203,0.014551011703046447
2021-09-13,150.63,151.42,148.75,149.55,102404305,0.014218410751112423
2021-09-14,150.35,151.07,146.91,148.12,109296305,0.014315485005424618
2021-09-15,148.56,149.44,146.37,149.03,83281320,0.013046030334436886
2021-09-16,148.44,148.97,147.221,148.79,68034148,0.013055623526839383
2021-09-17,148.82,148.82,145.76,146.06,129868797,0.013552135309723498
2021-09-20,143.8,144.84,141.27,142.94,123478898,0.014066713504402686
2021-09-21,143.93,144.6,142.78,143.43,75833961,0.0141246135058601
2021-09-22,144.45,146.43,143.7001,145.85,76404336,0.01467944060761122
2021-09-23,146.65,147.08,145.64,146.83,64838168,0.014728908356119784
2021-09-24,145.66,147.4701,145.56,146.92,53477871,0.014623872061873985
2021-09-27,145.47,145.96,143.82,145.37,74150727,0.01270718484419611
2021-09-28,143.25,144.75,141.69,141.91,108972305,0.013556478220215018
2021-09-29,142.47,144.45,142.03,142.83,74602039,0.013629304494557067
2021-09-30,143.66,144.378,141.28,141.5,89056656,0.013430795765667783
2021-10-01,141.9,142.92,139.1101,142.65,94639586,0.013596067843553085
2021-10-04,141.76,142.21,138.27,139.14,98322008,0.013508628632572916
2021-10-05,139.49,142.24,139.36,141.11,80861055,0.014240971764530461
2021-10-06,139.47,142.15,138.37,142.0,83221117,0.01445900311161393
2021-10-07,143.06,144.215,142.72,143.29,61732660,0.012929986489801083
2021-10-08,144.03,144.1781,142.56,142.9,58773160,0.012852325122076508
2021-10-11,142.27,144.81,141.81,142.81,64452219,0.01273524336744467
2021-10-12,143.23,143.25,141.0401,141.51,73035859,0.012684337492305907
2021-10-13,141.235,141.4,139.2,140.91,78762719,0.012686770372497928
2021-10-14,142.11,143.88,141.51,143.76,69907102,0.013136046298188398
2021-10-15,143.77,144.895,143.51,144.84,67940328,0.01226047643614637
2021-10-18,143.445,146.84,143.16,146.55,85589188,0.012509638154170367
2021-10-19,147.01,149.17,146.55,148.76,76378891,0.012391157970825593
2021-10-20,148.7,149.7539,148.12,149.26,58418793,0.012330556775395556
2021-10-21,148.81,149.64,147.87,149.48,61420992,0.012330883328640723
2021-10-22,149.69,150.18,148.64,148.69,58883441,0.012114599198164452
2021-10-25,148.68,149.37,147.6211,148.64,50720559,0.010507370843453453
2021-10-26,149.33,150.84,149.0101,149.32,60893398,0.010476199019127778
2021-10-27,149.36,149.73,148.49,148.85,56094930,0.010184964030839957
2021-10-28,149.82,153.165,149.72,152.57,100077906,0.011350689896542357
2021-10-29,147.215,149.94,146.4128,149.8,124953203,0.010526607870671958
2021-11-01,148.985,149.7,147.8,148.96,74588258,0.010437507966781197
2021-11-02,148.66,151.57,148.65,150.02,69121992,0.010453793108337358
2021-11-03,150.39,151.97,149.82,151.49,54511527,0.01047834159397999
2021-11-04,151.58,152.43,150.64,150.96,60394621,0.01050333155347432
2021-11-05,151.89,152.2,150.06,151.28,65463879,0.010470244783879031
2021-11-08,151.41,151.57,150.16,150.44,55020871,0.010270343348622845
2021-11-09,150.2,151.428,150.0601,150.81,56787930,0.010111759850107808
2021-11-10,150.02,150.13,147.85,147.92,65187090,0.010548239480307154
2021-11-11,148.96,149.43,147.681,147.87,40999953,0.010455265918657848
2021-11-12,148.43,150.4,147.48,149.99,63804008,0.010613596553809316
2021-11-15,150.37,151.88,149.43,150.0,59222801,0.010073867264173931
2021-11-16,149.94,151.488,149.34,151.0,59256207,0.010154518466498423
2021-11-17,150.995,155.0,150.99,153.49,88807000,0.010786175971312737
2021-11-18,153.71,158.67,153.05,157.87,137827703,0.0122978966077524
2021-11-19,157.65,161.02,156.5328,160.55,117305602,0.012655195085224752
2021-11-22,161.68,165.7,161.0,161.02,117467906,0.012657697285575416
2021-11-23,161.12,161.8,159.0601,161.41,96041906,0.012545652348717564
2021-11-24,160.75,162.14,159.64,161.94,69463617,0.011506538775364783
2021-11-26,159.565,160.45,156.36,156.81,76959750,0.013195419535822726
2021-11-29,159.37,161.19,158.7901,160.24,88748227,0.01375258184170834
2021-11-30,159.985,165.52,159.92,165.3,174048094,0.015141384868577136
2021-12-01,167.48,170.3,164.53,164.77,152423016,0.015216974240997647
2021-12-02,158.735,164.2,157.8,163.76,136739203,0.015305926211400452
2021-12-03,164.02,164.96,159.72,161.84,118023102,0.015743949510750303
2021-12-06,164.29,167.8799,164.28,165.32,107497000,0.016082862546788725
2021-12-07,169.08,171.58,168.34,171.18,120405398,0.017500139304520514
2021-12-08,172.125,175.96,170.7,175.08,116998898,0.0166640239363332
2021-12-09,174.91,176.75,173.92,174.56,108923695,0.016757019725005123
2021-12-10,175.205,179.63,174.69,179.45,115402703,0.01728865598718181
2021-12-13,181.115,182.13,175.53,175.74,153236984,0.018535491021520172
2021-12-14,175.25,177.74,172.21,174.33,139380406,0.0189200204444322
2021-12-15,175.11,179.5,172.3108,179.3,131063297,0.019422406438486674
2021-12-16,179.28,181.14,170.75,172.26,150185797,0.021619778610689547
2021-12-17,169.93,173.47,169.69,171.14,195923391,0.021557456343059108
2021-12-20,168.28,170.58,167.46,169.75,107499102,0.02172464891942257
2021-12-21,171.555,173.2,169.12,172.99,91185914,0.022033961444411315
2021-12-22,173.04,175.86,172.15,175.64,92135297,0.022188218116843343
2021-12-23,175.85,176.8499,175.27,176.28,68356570,0.02039432976013055
2021-12-27,177.085,180.42,177.07,180.33,74919586,0.02044232790067368
2021-12-28,180.16,181.33,178.53,179.29,79144336,0.019671246353362183
2021-12-29,179.33,180.63,178.14,179.38,62348930,0.01960917024311098
2021-12-30,179.47,180.57,178.09,178.2,59773008,0.019623148305657593
2021-12-31,178.085,179.23,177.26,177.57,64062262,0.019331519288180908
2022-01-03,177.83,182.88,177.71,182.01,104701203,0.019512710541640693
2022-01-04,182.63,182.94,179.12,179.7,99310438,0.018472248519864693
2022-01-05,179.61,180.17,174.64,174.92,94537602,0.018960424433587583
2022-01-06,172.7,175.3,171.64,172.0,96903961,0.019342314434883264
2022-01-07,172.89,174.14,171.03,172.17,86709148,0.018073341239183
2022-01-10,169.08,172.5,168.17,172.19,106765602,0.017501661280726548
2022-01-11,172.32,175.18,170.82,175.08,76138312,0.017864495649881677
2022-01-12,176.12,177.18,174.82,175.53,74805172,0.016537056815426734
2022-01-13,175.78,176.62,171.79,172.19,84505758,0.01445563220821689
2022-01-14,171.34,173.78,171.09,173.07,80440781,0.014407414186977616
2022-01-18,171.51,172.54,169.405,169.8,91168727,0.014974186887171712
2022-01-19,170.0,171.08,165.94,166.23,94814992,0.014979399590423338
2022-01-20,166.98,169.68,164.18,164.51,91420523,0.014480806032594773
2022-01-21,164.415,166.33,162.3,162.41,122848898,0.014530364255271573
2022-01-24,160.02,162.3,154.7,161.62,162706703,0.01295575542432492
2022-01-25,158.98,162.76,157.02,159.78,115798398,0.013022045971616469
2022-01-26,163.5,164.3894,157.82,159.69,108275297,0.012994921607350435
2022-01-27,162.45,163.84,158.28,159.22,121954602,0.013013005676892888
2022-01-28,165.71,170.35,162.8,170.33,179935703,0.021700477469835066
2022-01-31,170.16,175.0,169.51,174.78,115541602,0.021779311956829896
2022-02-01,174.01,174.84,172.31,174.61,86213914,0.021622447935910186
2022-02-02,174.745,175.88,173.33,175.84,84914258,0.020796882296713164
2022-02-03,174.48,176.2399,172.12,172.9,89418070,0.020798093941012178
2022-02-04,171.68,174.1,170.68,172.39,82465398,0.020812302991506704
2022-02-07,172.86,173.9458,170.95,171.66,77251203,0.02083797269168981
2022-02-08,171.73,175.35,171.43,174.83,74829219,0.02091653785788355
2022-02-09,176.05,176.65,174.9,176.28,71285039,0.020994755885243688
2022-02-10,174.14,175.48,171.55,172.12,90865906,0.021254650498798485
2022-02-11,172.33,173.08,168.04,168.64,98670688,0.021717973872574882
2022-02-14,167.37,169.58,166.56,168.88,86185531,0.021291552068232522
2022-02-15,170.97,172.95,170.25,172.79,64286320,0.0212890069183412
2022-02-16,171.85,173.34,170.05,172.55,61177398,0.02109285057225276
2022-02-17,171.03,171.91,168.47,168.88,69589344,0.021525482385690138
2022-02-18,169.82,170.5413,166.19,167.3,82772672,0.021632609267331075
2022-02-22,164.98,166.69,162.15,164.32,91162758,0.021902716477285138
2022-02-23,165.54,166.15,159.75,160.07,90009250,0.022798608029399602
2022-02-24,152.58,162.85,152.0,162.74,141147500,0.023083071935681144
2022-02-25,163.84,165.12,160.8738,164.85,91974227,0.016464045682954873
2022-02-28,163.06,165.42,162.43,165.12,95056633,0.015073530008001353
2022-03-01,164.695,166.6,161.97,163.2,83474430,0.015196336410635275
2022-03-02,164.39,167.36,162.95,166.56,79724750,0.01601131417486332
2022-03-03,168.47,168.91,165.55,166.23,76678438,0.01564870356405631
2022-03-04,164.49,165.55,162.1,163.17,83819594,0.016098828695802283
2022-03-07,163.36,165.02,159.04,159.3,96418852,0.01680267855733243
2022-03-08,158.82,162.88,155.8,157.44,131148297,0.01598761524623509
2022-03-09,161.475,163.41,159.41,162.95,91454914,0.018267436300615367
2022-03-10,160.2,160.39,155.98,158.52,105342000,0.018498642677308122
2022-03-11,158.93,159.28,154.5,154.73,96970094,0.018694928840894683
2022-03-14,151.45,154.12,150.1,150.62,108732094,0.019306804223554987
2022-03-15,150.9,155.57,150.38,155.09,92964305,0.019899844410425443
2022-03-16,157.05,160.0,154.46,159.59,102300203,0.021412491872761966
2022-03-17,158.61,161.0,157.63,160.62,75615375,0.021104396142905876
2022-03-18,160.51,164.48,159.76,163.98,123511695,0.02168693233125787
2022-03-21,163.51,166.35,163.015,165.38,95811352,0.0213811127907187
2022-03-22,165.51,169.42,164.91,168.82,81532008,0.02085140669830599
2022-03-23,167.99,172.64,167.65,170.21,98062672,0.020632674767392296
2022-03-24,171.06,174.14,170.21,174.07,90131422,0.021021285687631806
2022-03-25,173.88,175.28,172.75,174.72,80546156,0.021018811488490125
2022-03-28,172.17,175.73,172.0,175.6,90371922,0.020711680909190507
2022-03-29,176.69,179.01,176.34,178.96,100589398,0.020649838140909958
2022-03-30,178.55,179.61,176.7,177.77,92633148,0.020752329610260477
2022-03-31,177.84,178.03,174.4,174.61,103049297,0.020715299766823625
2022-04-01,174.03,174.88,171.94,174.31,78751328,0.019682261997922168
2022-04-04,174.57,178.49,174.44,178.44,76545984,0.019696647270135634
2022-04-05,177.5,178.3,174.415,175.06,73401789,0.01928896771570198
2022-04-06,172.36,173.63,170.13,171.83,89058781,0.01859713167097005
2022-04-07,171.16,173.36,169.85,172.14,77594648,0.01731263310057543
2022-04-08,171.78,171.78,169.2,170.09,76575516,0.016074419823134147
2022-04-11,168.71,169.03,165.5,165.75,72246711,0.01663823340838248
2022-04-12,168.02,169.87,166.64,167.66,79265188,0.015607938397499382
2022-04-13,167.39,171.04,166.77,170.4,70618930,0.015901643869703604
2022-04-14,170.62,171.27,165.04,165.29,75329375,0.017006939837654268
2022-04-18,163.92,166.5984,163.57,165.07,69023938,0.016900003217262673
2022-04-19,165.02,167.82,163.91,167.4,67723828,0.01650874848940661
2022-04-20,168.76,168.88,166.1,167.23,67929805,0.01637852158573553
2022-04-21,168.91,171.53,165.91,166.42,87227766,0.015372747529994294
2022-04-22,166.46,167.8699,161.5,161.79,84882414,0.01636295648703057
2022-04-25,161.12,163.17,158.46,162.88,96046383,0.01641917053360096
2022-04-26,162.25,162.34,156.72,156.8,95623242,0.017127824226530017
2022-04-27,155.91,159.79,155.38,156.57,88063195,0.01717145473347936
2022-04-28,159.25,164.515,158.93,163.64,130216797,0.02060576261185691
2022-04-29,161.84,166.2,157.25,157.65,131747594,0.02197447384613304
2022-05-02,156.71,158.23,153.27,157.96,123055297,0.020936722185389108
2022-05-03,158.15,160.71,156.32,159.48,88966531,0.020995510511723842
2022-05-04,159.67,166.48,159.26,166.02,108256492,0.023150313983185865
2022-05-05,163.85,164.08,154.95,156.77,130525297,0.02624124989467155
2022-05-06,156.01,159.44,154.18,157.28,116124602,0.026236617841855502
2022-05-09,154.925,155.83,151.49,152.06,131577906,0.026645580652744492
2022-05-10,155.52,156.74,152.93,154.51,115366703,0.026816150071537773
2022-05-11,153.5,155.45,145.81,146.5,142689797,0.028461891049794963
2022-05-12,142.77,146.2,138.8,142.56,182602000,0.02833485824996599
2022-05-13,144.59,148.105,143.11,147.11,113990898,0.029721398677810505
2022-05-16,145.55,147.5199,144.18,145.54,86643773,0.02934855215657584
2022-05-17,148.86,149.77,146.68,149.24,78336250,0.030257101931354162
2022-05-18,146.85,147.3601,139.9,140.82,109742898,0.03242725226567892
2022-05-19,139.88,141.66,136.6,137.35,136095594,0.03232869203161351
2022-05-20,139.09,140.7,132.61,137.59,137426094,0.03222170257907474
2022-05-23,137.79,143.26,137.65,143.11,117726305,0.03323441176586767
2022-05-24,140.805,141.97,137.33,140.36,104132703,0.03340029098432815
2022-05-25,138.43,141.785,138.34,140.52,92482703,0.03116501832081134
2022-05-26,137.39,144.34,137.14,143.78,90601555,0.031084311832085373
2022-05-27,145.39,149.68,145.26,149.64,90978492,0.0327528703080455
2022-05-31,149.07,150.66,146.84,148.84,103718398,0.03262915557569849
2022-06-01,149.9,151.74,147.68,148.71,74286641,0.03084857261485041
2022-06-02,147.83,151.27,146.86,151.21,72348062,0.028677381048705628
2022-06-03,146.9,147.97,144.46,145.38,88570289,0.029871096244905075
2022-06-06,147.03,148.5689,144.9,146.14,71598383,0.029053587031313183
2022-06-07,144.345,149.0,144.1,148.71,67808148,0.029105662177653372
2022-06-08,148.58,149.8697,147.46,147.96,53950199,0.026480150283173996
2022-06-09,147.08,147.95,142.53,142.64,69472977,0.02708246128165661
2022-06-10,140.28,140.76,137.06,137.13,91566641,0.027353001621289466
2022-06-13,132.87,135.2,131.44,131.88,122207102,0.02847509101975278
2022-06-14,133.13,133.89,131.48,132.76,84784328,0.02768388696279388
2022-06-15,134.29,137.34,132.16,135.43,91532969,0.02537715963883785
2022-06-16,132.08,132.39,129.04,130.06,107961508,0.026344695566977838
2022-06-17,130.065,133.079,129.81,131.56,134520297,0.026528105283691733
2022-06-21,133.42,137.06,133.32,135.87,81000484,0.025925587559373235
2022-06-22,134.79,137.76,133.91,135.35,73409234,0.025609783494743733
2022-06-23,136.82,138.59,135.63,138.27,72433766,0.0261544191188187
2022-06-24,139.9,141.91,139.77,141.66,89116844,0.02622247615789558
2022-06-27,142.695,143.49,140.965,141.66,70207914,0.024257448086160305
2022-06-28,142.13,143.422,137.325,137.44,67315328,0.02504660869122505
2022-06-29,137.46,140.67,136.67,139.23,66242406,0.02534063901737407
2022-06-30,137.25,138.37,133.7737,136.72,98964469,0.02507480458069261
2022-07-01,136.04,139.04,135.66,138.93,71051555,0.02412972700836885
2022-07-05,137.77,141.61,136.93,141.56,73429641,0.024562037243418967
2022-07-06,141.355,144.12,141.08,142.92,74064250,0.024286317448181532
2022-07-07,143.29,146.55,143.28,146.35,66253711,0.024975431407207156
2022-07-08,145.265,147.55,145.0,147.04,64547801,0.02344358031779116
2022-07-11,145.67,146.64,143.78,144.87,63305113,0.02173004129886876
2022-07-12,145.76,148.45,145.05,145.86,77588758,0.019281309434391106
2022-07-13,142.99,146.45,142.1201,145.49,71185562,0.0193656072953689
2022-07-14,144.08,148.95,143.25,148.47,78140734,0.01938186207939295
2022-07-15,149.78,150.86,148.2,150.17,76259930,0.016106013026909616
2022-07-18,150.74,151.57,146.7,147.07,81420875,0.01732790920370641
2022-07-19,147.92,151.23,146.91,151.0,82982367,0.016859324771034176
2022-07-20,151.12,153.72,150.37,153.04,64823406,0.016783624643341613
2022-07-21,154.5,155.57,151.94,155.35,65086641,0.016526753387018926
2022-07-22,155.39,156.28,153.41,154.09,66675406,0.016218613258349314
2022-07-25,154.01,155.04,152.28,152.95,53623953,0.016421747236457663
2022-07-26,152.265,153.085,150.8,151.6,55138688,0.014618413481304217
2022-07-27,152.58,157.33,152.16,156.79,78620688,0.015988706711713582
2022-07-28,156.98,157.64,154.41,157.35,81378727,0.014885837955816978
2022-07-29,161.24,163.63,159.5,162.51,101786898,0.015877580038489207
2022-08-01,161.01,163.59,160.89,161.51,67829375,0.01599607661393095
2022-08-02,160.1,162.41,159.63,160.01,59907031,0.016412370789187752
2022-08-03,160.84,166.59,160.75,166.13,82507484,0.017561467310990172
2022-08-04,166.005,167.19,164.43,165.81,55474141,0.017671834076807218
2022-08-05,163.21,165.85,163.0,165.35,56696992,0.01707515394402381
2022-08-08,166.37,167.81,164.2,164.87,60362340,0.01722963616793633
2022-08-09,164.02,165.82,163.25,164.92,63135500,0.017158069396668182
2022-08-10,167.68,169.34,166.9,169.24,70170547,0.0174593124319154
2022-08-11,170.06,170.99,168.19,168.49,57149160,0.017616808244248574
2022-08-12,169.82,172.17,169.4,172.1,68039375,0.016671001353881987
2022-08-15,171.52,173.39,171.345,173.19,54091688,0.016074081250173653
2022-08-16,172.78,173.71,171.6618,173.03,56377047,0.016108471810389515
2022-08-17,172.77,176.15,172.57,174.55,79542039,0.01598829635215116
2022-08-18,173.75,174.9,173.12,174.15,62290078,0.015751473467645348
2022-08-19,173.03,173.74,171.3101,171.52,70346305,0.016223289899955484
2022-08-22,169.69,169.86,167.135,167.57,69026805,0.017247649680035105
2022-08-23,167.08,168.71,166.65,167.23,54147078,0.015830655837223873
2022-08-24,167.32,168.11,166.245,167.53,53841520,0.015835560767120713
2022-08-25,168.78,170.14,168.35,170.03,51218207,0.014465623395522967
2022-08-26,170.57,171.05,163.56,163.62,78960977,0.017084997498544703
2022-08-29,161.145,162.9,159.82,161.38,73313953,0.01725870224071933
2022-08-30,162.13,162.56,157.72,158.91,77906203,0.014990983415216364
2022-08-31,160.305,160.58,157.14,157.22,87991086,0.015113849959853206
2022-09-01,156.64,158.42,154.67,157.96,74229906,0.01520860444182301
2022-09-02,159.75,160.362,154.965,155.81,76957766,0.015429249784190314
2022-09-06,156.47,157.09,153.69,154.53,73714844,0.015456056588133649
2022-09-07,154.825,156.67,153.61,155.96,87449570,0.014087822344255123
2022-09-08,154.64,156.36,152.68,154.46,84923852,0.014142757372976492
2022-09-09,155.47,157.82,154.75,157.37,68081008,0.013889906066164097
2022-09-12,159.59,164.26,159.3,163.43,104956000,0.01692695096019876
2022-09-13,159.9,160.54,153.37,153.84,122656602,0.021197248563869286
2022-09-14,154.785,157.1,153.6106,155.31,87965406,0.021227734754317325
2022-09-15,154.65,155.24,151.38,152.37,90481109,0.021412475896504652
2022-09-16,151.21,151.35,148.37,150.7,162278797,0.021344102977738685
2022-09-19,149.31,154.56,149.1,154.48,81474250,0.022122633301229846
2022-09-20,153.4,158.08,153.08,156.9,107689797,0.022579592429395504
2022-09-21,157.34,158.74,153.6,153.72,101696797,0.022878883797878887
2022-09-22,152.38,154.47,150.91,152.74,86652547,0.022403247121180716
2022-09-23,151.19,151.47,148.56,150.43,96029914,0.021158461948161372
2022-09-26,149.66,153.7701,149.64,150.77,93339406,0.021077272881264934
2022-09-27,152.74,154.72,149.945,151.76,84442734,0.02098571446874249
2022-09-28,147.64,150.6414,144.84,149.84,146691391,0.021035735359487037
2022-09-29,146.1,146.72,140.68,142.48,128138203,0.023515742085160718
2022-09-30,141.28,143.1,138.0,138.2,124925297,0.024137982462611784
2022-10-03,138.21,143.07,137.685,142.45,114311695,0.02555440330026775
2022-10-04,145.03,146.22,144.26,146.1,87830062,0.02629005958986336
2022-10-05,144.075,147.38,143.01,146.4,79470969,0.02626566055876173
2022-10-06,145.81,147.54,145.22,145.43,68402172,0.02576186849816567
2022-10-07,142.54,143.1,139.445,140.09,85925562,0.024650855680055664
2022-10-10,140.42,141.89,138.5729,140.42,74899000,0.02141465962731154
2022-10-11,139.9,141.35,138.22,138.98,77033672,0.021169391814203332
2022-10-12,139.13,140.36,138.16,138.34,70433742,0.020922533043005228
2022-10-13,134.99,143.59,134.37,142.99,113224000,0.022630018737926725
2022-10-14,144.31,144.52,138.19,138.38,88597969,0.02256713919088281
2022-10-17,141.065,142.9,140.27,142.41,85250945,0.02346283369537964
2022-10-18,145.49,146.7,140.61,143.75,99136609,0.02336529796834875
2022-10-19,141.69,144.9492,141.5,143.86,61758340,0.023369883169495714
2022-10-20,143.02,145.89,142.65,143.39,64521992,0.023182534387772187
2022-10-21,142.87,147.8479,142.649,147.27,86548609,0.024130090812417487
2022-10-24,147.185,150.23,146.0,149.45,75981922,0.024345793523205827
2022-10-25,150.09,152.49,149.36,152.34,74732289,0.02456566432204139
2022-10-26,150.96,151.99,148.04,149.35,88436172,0.02201121695520826
2022-10-27,148.07,149.046,144.13,144.8,109180203,0.02204662314947762
2022-10-28,148.2,157.5,147.82,155.74,164762406,0.027044059054271388
2022-10-31,153.155,154.24,151.92,153.34,97943172,0.026947849941465537
2022-11-01,155.08,155.45,149.13,150.65,80379352,0.02735348304207907
2022-11-02,148.945,152.17,145.0,145.03,93604625,0.02875174606803608
2022-11-03,142.06,142.8,138.75,138.88,97918523,0.029184181177353278
2022-11-04,142.09,142.67,134.38,138.38,140814797,0.02918879998968931
2022-11-07,137.11,139.145,135.671,138.92,83374633,0.02910306020965696
2022-11-08,140.41,141.43,137.49,139.5,89908477,0.029089321560687522
2022-11-09,138.5,138.55,134.5933,134.87,74917789,0.02894430848566606
2022-11-10,141.24,146.87,139.5,146.87,118854000,0.034827706036007024
2022-11-11,145.82,150.01,144.37,149.7,93979672,0.03449991389354337
2022-11-14,148.97,150.28,147.43,148.28,73374109,0.034582625107129304
2022-11-15,152.215,153.59,148.5613,150.04,89868328,0.03465103629989325
2022-11-16,149.13,149.87,147.29,148.79,64218273,0.034719465982116816
2022-11-17,146.43,151.48,146.15,150.72,80389398,0.03431400452916837
2022-11-18,152.305,152.7,149.97,151.29,74829570,0.034174192990774635
2022-11-21,150.16,150.37,147.715,148.01,58724070,0.03425907786913834
2022-11-22,148.13,150.42,146.925,150.18,51804129,0.034124858623516614
2022-11-23,149.45,151.83,149.34,151.07,58301398,0.033281699506104385
2022-11-25,148.305,148.88,147.12,148.11,35195859,0.028537972940301255
2022-11-28,145.14,146.64,143.38,144.22,69346523,0.028921806914660855
2022-11-29,144.29,144.81,140.355,141.17,83763797,0.02903527505236382
2022-11-30,141.395,148.72,140.55,148.03,111380898,0.030070168389378784
2022-12-01,148.21,149.13,146.61,148.31,71250414,0.02813207338635469
2022-12-02,145.96,148.0,145.65,147.81,65447449,0.028128764413151285
2022-12-05,147.77,150.9199,145.77,146.63,68826438,0.028259150226720788
2022-12-06,147.075,147.3,141.92,142.91,64727191,0.029006331239159487
2022-12-07,142.19,143.37,140.0,140.94,69721086,0.028036538817939837
2022-12-08,142.36,143.52,141.1,142.65,62128340,0.01897474590754184
2022-12-09,142.34,145.57,140.9,142.16,76097008,0.018306326138146242
2022-12-12,142.7,144.5,141.06,144.49,70462648,0.01872020575892642
2022-12-13,149.5,149.9692,144.24,145.47,93886156,0.018558627625186577
2022-12-14,145.35,146.655,141.16,143.21,82291188,0.018779013880898716
2022-12-15,141.11,141.8,136.025,136.5,98931914,0.02103672246160024
2022-12-16,136.685,137.65,133.73,134.51,160156891,0.021032969230229646
2022-12-19,135.11,135.2,131.32,132.37,79592609,0.020834066258167538
2022-12-20,131.39,133.25,129.89,132.3,77432812,0.020295630643817477
2022-12-21,132.98,136.81,132.75,135.45,85927992,0.021291931090984383
2022-12-22,134.352,134.56,130.3,132.23,77852109,0.021466331679602674
2022-12-23,130.92,132.415,129.64,131.86,63814887,0.02088670946437398
2022-12-27,131.38,131.41,128.72,130.03,69007828,0.020629763590478432
2022-12-28,129.67,131.0275,125.87,126.04,85438391,0.017090265210778444
2022-12-29,127.99,130.4814,127.73,129.61,75703711,0.01894066496830584
2022-12-30,128.41,129.95,127.43,129.93,77034211,0.019048149367766002
2023-01-03,130.28,130.9,124.17,125.07,112117508,0.020321082631611375
2023-01-04,126.89,128.6557,125.08,126.36,89113633,0.020288999127998933
2023-01-05,127.13,127.77,124.76,125.02,80962711,0.020236522766242517
2023-01-06,126.01,130.29,124.89,129.62,87754719,0.022169058980049068
2023-01-09,130.465,133.41,129.89,130.15,70790805,0.022261702663606657
2023-01-10,130.26,131.2636,128.12,130.73,63896160,0.02180627500590869
2023-01-11,131.25,133.51,130.46,133.49,69458953,0.022474963166742964
2023-01-12,133.88,134.26,131.44,133.41,71379648,0.02231980482906736
2023-01-13,132.03,134.92,131.66,134.76,57809719,0.01986153554307169
2023-01-17,134.83,137.29,134.13,135.94,63646633,0.019662288016349262
2023-01-18,136.815,138.61,135.03,135.21,69672797,0.019312019876476686
2023-01-19,134.08,136.25,133.77,135.27,58280406,0.01930820609040605
2023-01-20,135.28,138.02,134.22,137.87,80223633,0.019038432170127278
2023-01-23,138.12,143.315,137.9,141.11,81760312,0.01869254006051938
2023-01-24,140.305,143.16,140.3,142.53,66435141,0.01868112345164038
2023-01-25,140.89,142.43,138.81,141.86,65799352,0.018300587063236194
2023-01-26,143.17,144.25,141.9,143.96,54105070,0.01626974956015002
2023-01-27,143.155,147.23,143.08,145.93,70555844,0.015541436154042609
2023-01-30,144.955,145.55,142.85,143.0,64015273,0.016675759737450366
2023-01-31,142.7,144.34,142.28,144.29,65874461,0.013107318829806822
2023-02-01,143.97,146.61,141.32,145.43,77663633,0.013091575382183378
2023-02-02,148.9,151.18,148.17,150.82,118339000,0.013966278505149282
2023-02-03,148.03,157.38,147.83,154.5,154357297,0.012894308848948795
2023-02-06,152.575,153.1,150.78,151.73,69858312,0.014306604038447173
2023-02-07,150.64,155.23,150.64,154.65,83322555,0.014492482870408472
2023-02-08,153.88,154.58,151.168,151.92,64120078,0.015390733112688805
2023-02-09,153.775,154.33,150.42,150.87,56007141,0.015628839165960143
2023-02-10,149.46,151.3401,149.22,151.01,57450711,0.015656387798469486
2023-02-13,150.952,154.26,150.92,153.85,62199008,0.015917805346765224
2023-02-14,152.12,153.77,150.86,153.2,61707566,0.01587184875035696
2023-02-15,153.11,155.5,152.88,155.33,65669250,0.015876771689424873
2023-02-16,153.51,156.33,153.3475,153.71,68167938,0.01610824361500751
2023-02-17,152.35,153.0,150.85,152.55,59144121,0.015791262043978637
2023-02-21,150.2,151.3,148.405,148.48,58867230,0.017222060351631534
2023-02-22,148.87,149.95,147.16,148.91,51011312,0.01713860828274321
2023-02-23,150.09,150.34,147.24,149.4,48394246,0.016888414121025885
2023-02-24,147.11,147.19,145.7202,146.71,55469609,0.01724076689176764
2023-02-27,147.71,149.17,147.45,147.92,44998473,0.01658180671890375
2023-02-28,147.05,149.08,146.83,147.41,50547000,0.01653147324256746
2023-03-01,146.83,147.2285,145.01,145.31,55478992,0.01681522378811104
2023-03-02,144.38,146.71,143.9,145.91,52279762,0.01430186954541626
2023-03-03,148.045,151.11,147.33,151.03,70732305,0.01554003143931541
2023-03-06,153.785,156.3,153.46,153.83,87558031,0.015595533933718212
2023-03-07,153.7,154.0299,151.13,151.6,56182031,0.015301463797898564
2023-03-08,152.81,153.47,151.83,152.87,47204793,0.014881240164408725
2023-03-09,153.559,154.535,150.225,150.59,53833578,0.015210293375710187
2023-03-10,150.21,150.94,147.6096,148.5,68572398,0.015536538117722919
2023-03-13,147.805,153.14,147.7,150.47,84457117,0.015197006165185474
2023-03-14,151.28,153.4,150.1,152.59,73695891,0.015561511897529062
2023-03-15,151.19,153.245,149.92,152.99,77167875,0.015208921058369669
2023-03-16,152.16,156.46,151.64,155.85,76254414,0.015634383283749657
2023-03-17,156.08,156.74,154.28,155.0,98944633,0.01557926623545868
2023-03-20,155.07,157.82,154.15,157.4,73641422,0.014381323084483593
2023-03-21,157.32,159.4,156.54,159.28,73938289,0.014520781788598489
2023-03-22,159.3,162.14,157.81,157.83,75701805,0.014813218781283912
2023-03-23,158.83,161.5501,157.68,158.93,67622062,0.01392766836080069
2023-03-24,158.86,160.34,157.85,160.25,59256340,0.013928585092095255
2023-03-27,159.94,160.77,157.87,158.28,52390273,0.014344064529459888
2023-03-28,157.97,158.49,155.98,157.65,45992152,0.013807950512503686
2023-03-29,159.37,161.05,159.35,160.77,51305688,0.014251918349470946
2023-03-30,161.53,162.47,161.271,162.36,49501688,0.012364655846407311
2023-03-31,162.44,165.0,161.91,164.9,68749789,0.012190670202345986
2023-04-03,164.27,166.29,164.22,166.17,56976191,0.011383366865012979
2023-04-04,166.595,166.84,165.11,165.63,46278301,0.01149815014746495
2023-04-05,164.74,165.05,161.8,163.76,51511738,0.01118769709003411
2023-04-06,162.43,164.9584,162.0,164.66,45390121,0.010266266226230288
2023-04-10,161.42,162.03,160.08,162.03,47716879,0.011187703525253551
2023-04-11,162.35,162.36,160.51,160.8,47644219,0.011203080094321262
2023-04-12,161.22,162.06,159.78,160.1,50133059,0.01132361586777837
2023-04-13,161.63,165.8,161.42,165.56,68445648,0.012981811729779195
2023-04-14,164.59,166.32,163.82,165.21,49386480,0.012879394028612608
2023-04-17,165.09,165.39,164.03,165.23,41516219,0.012559616370822294
2023-04-18,166.1,167.41,165.65,166.47,49923008,0.012417252853760184
2023-04-19,165.8,168.16,165.54,167.63,47720168,0.012134355822390834
2023-04-20,166.09,167.87,165.56,166.65,52456379,0.012271227827207706
2023-04-21,165.05,166.4521,164.49,165.02,58337340,0.01250097204838798
2023-04-24,165.0,165.6,163.89,165.33,41949578,0.012039059013326725
2023-04-25,165.19,166.305,163.73,163.77,48714059,0.01226177304270538
2023-04-26,163.055,165.28,162.8,163.76,45498801,0.011490041395805426
2023-04-27,165.19,168.56,165.19,168.41,64902328,0.012971396110836102
2023-04-28,168.49,169.85,167.8801,169.68,55275848,0.012626717567111645
2023-05-01,169.28,170.45,168.64,169.59,52472941,0.01254596151852445
2023-05-02,170.09,170.35,167.54,168.54,48425699,0.012621154196168887
2023-05-03,169.5,170.92,167.16,167.45,65136020,0.012407100978719004
2023-05-04,164.89,167.04,164.31,165.79,81235430,0.012615707950616367
2023-05-05,170.975,174.3,170.76,173.57,113453203,0.015897131409295086
2023-05-08,172.48,173.85,172.11,173.5,55962793,0.015696635406315447
2023-05-09,173.05,173.54,171.6,171.77,45326871,0.01591655322891806
2023-05-10,173.02,174.03,171.9,173.555,53724500,0.014253489229796246
2023-05-11,173.85,174.59,172.17,173.75,49514680,0.014213556269916633
2023-05-12,173.62,174.06,171.0,172.57,45533141,0.014372166190434342
2023-05-15,173.16,173.21,171.47,172.07,37266660,0.014364476109557893
2023-05-16,171.99,173.1383,171.7991,172.07,42110289,0.014315105883648446
2023-05-17,171.71,172.925,170.4201,172.69,57951602,0.014210495781492844
2023-05-18,173.0,175.24,172.58,175.05,65496660,0.014151361040987737
2023-05-19,176.39,176.39,174.94,175.16,55809480,0.014160766346236545
2023-05-22,173.98,174.71,173.45,174.2,43570930,0.013993761345243182
2023-05-23,173.13,173.3794,171.275,171.56,50747262,0.014612657840576988
2023-05-24,171.09,172.4183,170.52,171.84,45143488,0.013205165305477409
2023-05-25,172.41,173.895,171.69,172.99,56058262,0.013183733899832892
2023-05-26,173.32,175.77,173.11,175.43,54834980,0.013506885888181384
2023-05-30,176.96,178.99,176.57,177.3,55964398,0.013501499084087125
2023-05-31,177.325,179.35,176.76,177.25,99625289,0.013340383309352869
2023-06-01,177.7,180.12,176.9306,180.09,68901805,0.013263616374591752
2023-06-02,181.03,181.78,179.26,180.95,61996910,0.008395041724838915
2023-06-05,182.63,184.951,178.035,179.58,121946492,0.008676170015082696
2023-06-06,179.965,180.12,177.43,179.21,64848367,0.008257060058818766
2023-06-07,178.44,181.21,177.32,177.82,61944621,0.008314379649596235
2023-06-08,177.895,180.84,177.46,180.57,50214879,0.008924967462417806
2023-06-09,181.5,182.23,180.63,180.96,48899969,0.008663872775491818
2023-06-12,181.27,183.89,180.97,183.79,54755000,0.009052817839134215
2023-06-13,182.8,184.15,182.44,183.31,54929129,0.009128628618995977
2023-06-14,183.37,184.39,182.02,183.95,57462879,0.009128509583394895
2023-06-15,183.96,186.52,183.78,186.01,65433168,0.008990395386786093
2023-06-16,186.73,186.99,184.27,184.92,101256203,0.009215494487453723
2023-06-20,184.41,186.1,184.41,185.01,49799090,0.009013547592927395
2023-06-21,184.9,185.41,182.5901,183.96,49515699,0.008162581045356004
2023-06-22,183.74,187.045,183.67,187.0,51245328,0.008652257033569099
2023-06-23,185.55,187.56,185.01,186.68,53117000,0.008747949814749221
2023-06-26,186.83,188.05,185.23,185.27,48088660,0.008776345000934565
2023-06-27,185.89,188.39,185.67,188.06,50730848,0.009045989929594931
2023-06-28,187.93,189.9,187.6,189.25,51216801,0.009033991821507794
2023-06-29,189.08,190.07,188.94,189.59,46347312,0.00851223776939241
2023-06-30,191.63,194.48,191.26,193.97,85213219,0.009709476364751947
2023-07-03,193.78,193.88,191.76,192.46,31346600,0.009723372366409432
2023-07-05,191.565,192.98,190.62,191.33,46920262,0.00988666783970968
2023-07-06,189.84,192.02,189.2,191.81,45156008,0.009510936656237545
2023-07-07,191.41,192.67,190.24,190.68,46815000,0.00934577960130807
2023-07-10,189.26,189.99,187.035,188.61,59922160,0.009866524563520879
2023-07-11,189.16,189.3,186.6,188.08,46638121,0.009368584052214395
2023-07-12,189.68,191.7,188.47,189.77,60750246,0.009479699305902894
2023-07-13,190.5,191.19,189.78,190.54,41342340,0.009485977577765235
2023-07-14,190.23,191.1799,189.63,190.69,41616238,0.009215641168712317
2023-07-17,191.9,194.32,191.81,193.99,50520160,0.009727169944684025
2023-07-18,193.35,194.33,192.415,193.73,48353770,0.009757867812981108
2023-07-19,193.1,198.23,192.65,195.1,80507320,0.009603588294895984
2023-07-20,195.09,196.47,192.495,193.13,59581199,0.009483956223647809
2023-07-21,194.1,194.97,191.23,191.94,71951680,0.009627833090608802
2023-07-24,193.41,194.91,192.25,192.75,45505102,0.009388201797656821
2023-07-25,193.33,194.44,192.915,193.62,37283199,0.008879095581379684
2023-07-26,193.67,195.64,193.32,194.5,47471871,0.008835356472855556
2023-07-27,196.02,197.2,192.55,193.22,47460180,0.00902556489417666
2023-07-28,194.67,196.626,194.14,195.83,48291441,0.007923554762893383
2023-07-31,196.06,196.49,195.26,196.45,38824113,0.007679504468487491
2023-08-01,196.235,196.73,195.28,195.605,35281434,0.007608346489020595
2023-08-02,195.04,195.18,191.8507,192.58,50389328,0.008500473539420626
2023-08-03,191.57,192.37,190.69,191.17,62243281,0.008563935566161945
2023-08-04,185.52,187.38,181.92,181.99,115956797,0.013840647921361346
2023-08-07,182.13,183.13,177.35,178.85,97576070,0.014289387038498021
2023-08-08,179.69,180.27,177.58,179.8,67823000,0.014148836668710136
2023-08-09,180.87,180.93,177.01,178.19,60378488,0.014116419843848005
2023-08-10,179.48,180.75,177.6,177.97,54686848,0.014090502648705152
2023-08-11,177.32,178.62,176.55,177.79,52036672,0.013183084949444096
2023-08-14,177.97,179.69,177.305,179.46,43675633,0.013550629985554
2023-08-15,178.88,179.48,177.05,177.45,43622594,0.013373677030303985
2023-08-16,177.13,178.54,176.5,176.57,46964859,0.013314385511026133
2023-08-17,177.14,177.5054,173.48,174.0,66062883,0.013506192453409735
2023-08-18,172.3,175.1,171.96,174.49,61172152,0.01345633006270613
2023-08-21,175.07,176.13,173.735,175.84,46311879,0.013604258848548021
2023-08-22,177.06,177.68,176.25,177.23,42084246,0.01375577129353592
2023-08-23,178.52,181.55,178.325,181.12,52722754,0.015046106621507366
2023-08-24,180.674,181.104,176.01,176.38,54945801,0.015336050036704857
2023-08-25,177.38,179.15,175.82,178.61,51449594,0.015777132020185398
2023-08-28,180.09,180.59,178.545,180.19,43820699,0.0160890869532642
2023-08-29,179.695,184.9,179.5,184.12,53003953,0.016890114825594466
2023-08-30,184.94,187.85,184.74,187.65,60813887,0.017527561547748455
2023-08-31,187.84,189.12,187.48,187.87,60794473,0.013290869977682812
2023-09-01,189.485,189.92,188.28,189.46,45766500,0.012535102693477124
2023-09-05,188.28,189.98,187.61,189.7,45280031,0.012530021301472394
2023-09-06,188.4,188.85,181.47,182.91,81755820,0.015174413574362429
2023-09-07,175.18,178.21,173.54,177.56,112488797,0.01673441379033972
2023-09-08,178.35,180.239,177.79,178.18,65602070,0.016750989665358904
2023-09-11,180.07,180.3,177.34,179.36,58953047,0.016678873745400887
2023-09-12,179.49,180.13,174.82,176.3,90370195,0.01695148833066028
2023-09-13,176.51,177.3,173.98,174.21,84267930,0.01713178973014734
2023-09-14,174.0,176.1,173.58,175.74,60895762,0.016908390097700777
2023-09-15,176.48,176.495,173.82,175.01,109259508,0.016934613146895226
2023-09-18,176.48,179.38,176.17,177.97,67257570,0.017285897911171053
2023-09-19,177.52,179.63,177.13,179.07,51826941,0.017250889039047
2023-09-20,179.26,179.695,175.4,175.49,58436180,0.01706126513713604
2023-09-21,174.55,176.3,173.86,173.93,63149121,0.016108242984170296
2023-09-22,174.67,177.079,174.05,174.79,56725391,0.015851068714829046
2023-09-25,174.2,176.97,174.15,176.08,46172738,0.01580389366463378
2023-09-26,174.82,175.2,171.66,171.96,64588953,0.015565299009536593
2023-09-27,172.62,173.04,169.05,170.43,66921805,0.014598548799361689
2023-09-28,169.34,172.03,167.62,170.69,56294422,0.014607000938233996
2023-09-29,172.02,173.07,170.341,171.21,51861078,0.014382149881775901
2023-10-02,171.22,174.3,170.93,173.75,52164539,0.015043688431208227
2023-10-03,172.255,173.63,170.82,172.4,49594609,0.01304672334044247
2023-10-04,171.09,174.21,170.97,173.66,53020289,0.011577974053146228
2023-10-05,173.79,175.45,172.68,174.91,48527922,0.011690387103648094
2023-10-06,173.8,177.99,173.18,177.49,57266680,0.012122056305938798
2023-10-09,176.81,179.05,175.8,178.99,42390770,0.011584641763527378
2023-10-10,178.1,179.72,177.95,178.39,43698020,0.011224780968790342
2023-10-11,178.2,179.85,177.6,179.8,47551102,0.01119405259096168
2023-10-12,180.07,182.34,179.04,180.71,56743121,0.011145871754802803
2023-10-13,181.42,181.93,178.14,178.85,51456078,0.010832439755632391
2023-10-16,176.75,179.075,176.51,178.72,52516980,0.010740175677374645
2023-10-17,176.645,178.42,174.8,177.15,57549352,0.009855270932400895
2023-10-18,175.58,177.575,175.11,175.84,54764379,0.009781502304974274
2023-10-19,176.04,177.84,175.19,175.46,59302859,0.00974275305652609
2023-10-20,175.31,175.42,172.64,172.88,64244031,0.010153118596617178
2023-10-23,170.91,174.01,169.93,173.0,55980113,0.008570360000863671
2023-10-24,173.05,173.67,171.45,173.44,43816641,0.008281426743180713
2023-10-25,171.88,173.06,170.65,171.1,57156961,0.008916178592531738
2023-10-26,170.37,171.3775,165.67,166.89,70625266,0.01053022259981618
2023-10-27,166.91,168.96,166.83,168.22,58499129,0.010053026892932937
2023-10-30,169.02,171.17,168.87,170.29,51130961,0.01042257442594891
2023-10-31,169.35,170.9,167.9,170.77,44846020,0.010283362769541535
2023-11-01,171.0,174.23,170.12,173.97,56934910,0.011093011728041769
2023-11-02,175.52,177.78,175.46,177.57,77334750,0.01161043417786309
2023-11-03,174.24,176.82,173.35,176.65,79829250,0.011485423003966483
2023-11-06,176.38,179.43,176.21,179.23,63841312,0.011977272529715212
2023-11-07,179.18,182.44,178.97,181.82,70529969,0.012297597696279436
2023-11-08,182.35,183.45,181.59,182.89,49340281,0.012315416117028334
2023-11-09,182.96,184.12,181.81,182.41,53763539,0.012058005398818869
2023-11-10,183.97,186.565,183.53,186.4,66177922,0.01294892005011911
2023-11-13,185.82,186.03,184.21,184.8,43627520,0.012939442845878803
2023-11-14,187.7,188.11,186.3,187.44,60108379,0.012992208302148056
2023-11-15,187.845,189.5,187.78,188.01,53790500,0.012922063093670224
2023-11-16,189.57,190.96,188.65,189.71,54412922,0.01216722932977457
2023-11-17,190.25,190.38,188.57,189.69,50941398,0.012184215890520841
2023-11-20,189.89,191.905,189.88,191.45,46538609,0.01220888430475501
2023-11-21,191.41,191.52,189.74,190.64,38134488,0.01158666972700697
2023-11-22,191.49,192.93,190.825,191.31,39630008,0.008997651758328723
2023-11-24,190.87,190.9,189.25,189.97,24048340,0.009568896728097423
2023-11-27,189.92,190.67,188.9,189.79,40552609,0.009602356039739853
2023-11-28,189.78,191.08,189.4,190.4,38415422,0.00959604132685467
2023-11-29,190.9,192.09,188.97,189.37,43014219,0.009382072916407544
2023-11-30,189.84,190.32,188.19,189.95,48794367,0.00852595626913952
2023-12-01,190.33,191.56,189.23,191.24,45704820,0.008280777441234264
2023-12-04,189.98,190.05,187.4511,189.43,43389520,0.008442947234355977
2023-12-05,190.21,194.4,190.18,193.42,66628398,0.00905724890183197
2023-12-06,194.45,194.76,192.11,192.32,41089738,0.009260497474357747
2023-12-07,193.63,195.0,193.59,194.27,47477660,0.009316347922389572
2023-12-08,194.2,195.99,193.67,195.71,53406359,0.008249585578751785
2023-12-11,193.11,193.49,191.42,193.18,60943699,0.008628235127375325
2023-12-12,193.08,194.72,191.721,194.71,52696898,0.008255461679734656
2023-12-13,195.09,198.0,194.85,197.96,70404180,0.008915304488581003
2023-12-14,198.02,199.62,196.16,198.11,66831570,0.00879249732836883
2023-12-15,197.53,198.3999,197.0,197.57,128538398,0.008852986221574636
2023-12-18,196.09,196.63,194.39,195.89,55751859,0.008999737824349254
2023-12-19,196.16,196.95,195.89,196.94,40714047,0.008944307360528855
2023-12-20,196.9,197.68,194.83,194.83,52242820,0.009373732189385843
2023-12-21,196.1,197.08,193.5,194.68,46482551,0.009185138281619184
2023-12-22,195.18,195.41,192.97,193.6,37149566,0.009308295917755657
2023-12-26,193.61,193.89,192.83,193.05,28919311,0.009335058544772823
2023-12-27,192.49,193.5,191.09,193.15,48087680,0.009215383042838397
2023-12-28,194.14,194.66,193.17,193.58,34049898,0.009207382756339581
2023-12-29,193.9,194.4,191.725,192.53,42672152,0.009209725357612783
2024-01-02,187.15,188.44,183.885,185.64,82488672,0.012252253419860387
2024-01-03,184.22,185.88,183.43,184.25,58414461,0.011093061370887681
2024-01-04,182.15,183.0872,180.88,181.91,71983570,0.011319567399290933
2024-01-05,181.99,182.76,180.17,181.18,62379660,0.010873258883918158
2024-01-08,182.085,185.6,181.5,185.56,59144473,0.012391200655935092
2024-01-09,183.92,185.15,182.73,185.14,42841809,0.012142471695713485
2024-01-10,184.35,186.4,183.92,186.19,46792910,0.012049317434002125
2024-01-11,186.54,187.05,183.62,185.59,49128406,0.01113884497663125
2024-01-12,186.06,186.74,185.19,185.92,40477781,0.011162089354611899
2024-01-16,182.16,184.26,180.934,183.63,65603039,0.011351043536138456
2024-01-17,181.27,182.93,180.3,182.68,47317434,0.011299691050233871
2024-01-18,186.09,189.14,185.83,188.63,78005750,0.013919872307939786
2024-01-19,189.33,191.95,188.82,191.56,68902992,0.01432194157408987
2024-01-22,192.3,195.33,192.26,193.89,60133848,0.014627210584340076
2024-01-23,195.02,195.75,193.8299,195.18,42355594,0.014643163649646603
2024-01-24,195.42,196.38,194.34,194.5,53631320,0.014652126845771378
2024-01-25,195.22,196.2675,193.1125,194.17,54822129,0.014660745478426133
2024-01-26,194.27,194.76,191.94,192.42,44594008,0.014808067725105234
2024-01-29,192.01,192.2,189.58,191.73,47145621,0.0147781005630285
2024-01-30,190.94,191.8,187.47,188.04,55859367,0.012931887981452313
2024-01-31,187.04,187.095,184.35,184.4,55467801,0.013620579769253826
2024-02-01,183.985,186.95,183.82,186.86,64885406,0.013567881500242907
2024-02-02,179.86,187.33,179.25,185.85,102551695,0.01360302459540047
2024-02-05,188.15,189.25,185.84,187.68,69668812,0.012634594056941662
2024-02-06,186.86,189.31,186.7695,189.3,43490762,0.012740700105957223
2024-02-07,190.64,191.05,188.61,189.41,53438961,0.01269593031721851
2024-02-08,189.385,189.535,187.35,188.32,40962047,0.012755633576110809
2024-02-09,188.65,189.99,188.0,188.85,45155219,0.0127620562089567
2024-02-12,188.415,188.67,186.79,187.15,41781930,0.012592847816855893
2024-02-13,185.77,186.21,183.5128,185.04,56529527,0.012836442240292218
2024-02-14,185.32,185.53,182.44,184.15,54630520,0.01030375734695006
2024-02-15,183.55,184.49,181.35,183.86,65434500,0.009472997851591683
2024-02-16,183.42,184.85,181.665,182.31,49752473,0.008910040104295122
2024-02-20,181.79,182.43,180.0,181.56,53665551,0.008585142461006655
2024-02-21,181.94,182.8888,180.66,182.32,41529672,0.008777258797068354
2024-02-22,183.48,184.955,182.46,184.37,52292207,0.009394005057680132
2024-02-23,185.01,185.04,182.23,182.52,45119680,0.009435091820247326
2024-02-26,182.24,182.76,180.65,181.16,40867422,0.00949595901703342
2024-02-27,181.1,183.9225,179.56,182.63,54318848,0.008943939837811669
2024-02-28,182.51,183.12,180.13,181.42,48953941,0.007953579074920888
2024-02-29,181.27,182.57,179.53,180.75,136682594,0.007191376681620327
2024-03-01,179.55,180.53,177.38,179.66,73563078,0.007210565779124462
2024-03-04,176.15,176.9,173.79,175.1,81510094,0.008478837379259257
2024-03-05,170.76,172.04,169.62,170.12,95132359,0.009684913812629713
2024-03-06,171.06,171.24,168.68,169.12,68587711,0.009569986521376144
2024-03-07,169.15,170.73,168.49,169.0,71765055,0.009644003622199719
2024-03-08,169.0,173.7,168.94,170.73,76267039,0.010142763638922659
2024-03-11,172.94,174.38,172.05,172.75,60139473,0.010817788185453453
2024-03-12,173.15,174.03,171.01,173.23,59825367,0.010783922952162508
2024-03-13,172.77,173.185,170.76,171.13,52488688,0.010965642627405698
2024-03-14,172.91,174.3078,172.05,173.0,72913516,0.011469753718340818
2024-03-15,171.17,172.62,170.285,172.62,121752703,0.011398848827634842
2024-03-18,175.57,177.71,173.52,173.72,75604180,0.011584476478003067
2024-03-19,174.34,176.605,173.03,176.08,55215238,0.012065565502154806
2024-03-20,175.72,178.67,175.09,178.67,53423102,0.01229705030374417
2024-03-21,177.05,177.49,170.84,171.37,106181297,0.01517159865017449
2024-03-22,171.76,173.05,170.06,172.28,71160141,0.01525526125770289
2024-03-25,170.565,171.94,169.45,170.85,54288328,0.01508278586307084
2024-03-26,170.0,171.42,169.58,169.71,57388449,0.015083350369172008
2024-03-27,170.41,173.6,170.11,173.31,60273273,0.016103839691418584
2024-03-28,171.75,172.23,170.51,171.48,65672688,0.016198705653927708
2024-04-01,171.19,171.25,169.475,170.03,46240500,0.015300774763458234
2024-04-02,169.08,169.34,168.2302,168.84,49329480,0.013927202980075229
2024-04-03,168.79,170.68,168.58,169.65,47691719,0.01390518084914417
2024-04-04,170.29,171.92,168.82,168.82,53704391,0.013954363746452605
2024-04-05,169.59,170.39,168.95,169.58,42104832,0.013782453589484952
2024-04-08,169.03,169.2,168.24,168.45,37425512,0.013531507419235056
2024-04-09,168.7,170.08,168.35,169.67,42451207,0.013643412945185356
2024-04-10,168.8,169.09,167.11,167.78,49709340,0.013600687465137113
2024-04-11,168.34,175.46,168.16,175.04,91070281,0.01681446388459782
2024-04-12,174.26,178.36,174.21,176.55,101670898,0.016892217725523625
2024-04-15,175.36,176.63,172.5,172.69,73531766,0.017648199861995315
2024-04-16,171.75,173.76,168.27,169.38,73711242,0.017829105033127214
2024-04-17,169.61,170.65,168.0,168.0,50901207,0.017413177098042243
2024-04-18,168.03,168.64,166.55,167.04,43122898,0.014857862739678636
2024-04-19,166.21,166.4,164.075,165.0,68149375,0.014971913300003328
2024-04-22,165.515,167.26,164.77,165.84,48116441,0.01498223679889324
2024-04-23,165.35,167.05,164.92,166.9,49537762,0.015029442456873847
2024-04-24,166.54,169.3,166.21,169.02,48251840,0.014453607293361401
2024-04-25,169.525,170.61,168.1511,169.89,50558328,0.014338522108359893
2024-04-26,169.88,171.34,169.18,169.3,44838352,0.014228016849793619
2024-04-29,173.37,176.03,173.1,173.5,68169422,0.015212271770609895
2024-04-30,173.33,174.99,170.0,170.33,65934781,0.01584543963483186
2024-05-01,169.58,172.705,169.11,169.3,50383152,0.015868772025857406
2024-05-02,172.51,173.415,170.89,173.03,94214922,0.01662044676476293
2024-05-03,186.645,187.0,182.66,183.38,163224094,0.0212328750509975
2024-05-06,182.354,184.2,180.42,181.71,78569672,0.02145378502153132
2024-05-07,183.45,184.9,181.32,182.4,77305766,0.021146301214308678
2024-05-08,182.85,183.07,181.45,182.74,45057090,0.018961973469936184
2024-05-09,182.56,184.66,182.11,184.57,48982969,0.018989795626822313
2024-05-10,184.9,185.09,182.13,183.05,50759500,0.018261501516973463
2024-05-13,185.435,187.1,184.62,186.28,72044805,0.01769783091861539
2024-05-14,187.51,188.3,186.29,187.43,52393621,0.017401934285709544
2024-05-15,187.91,190.65,187.37,189.72,70399992,0.017221404624997574
2024-05-16,190.47,191.095,189.6601,189.84,52845230,0.016674487131638268
2024-05-17,189.51,190.81,189.18,189.87,41282930,0.01675290540593303
2024-05-20,189.325,191.9199,189.01,191.04,44361281,0.01675366240086163
2024-05-21,191.09,192.73,190.9201,192.35,42309398,0.01670186320715289
2024-05-22,192.265,192.8231,190.27,190.9,34648551,0.01702860898387179
2024-05-23,190.98,191.0,186.625,186.88,51005922,0.018036768299800613
2024-05-24,188.82,190.58,188.0404,189.98,36326980,0.01763867435329327
2024-05-28,191.51,193.0,189.1,189.99,52280047,0.016779593236538128
2024-05-29,189.61,192.247,189.51,190.29,53068020,0.016567911310089743
2024-05-30,190.76,192.18,190.63,191.29,49947941,0.016123864868900897
2024-05-31,191.44,192.57,189.91,192.25,75158281,0.00931601698902727
2024-06-03,192.9,194.99,192.52,194.03,50080539,0.00898852032248567
2024-06-04,194.635,195.32,193.0342,194.35,47471449,0.008998037273570717
2024-06-05,195.4,196.9,194.87,195.87,54156793,0.009045789435274388
2024-06-06,195.685,196.5,194.17,194.48,41181754,0.009231807314831645
2024-06-07,194.65,196.94,194.14,196.89,53103910,0.009073878540571666
2024-06-10,196.9,197.3,192.15,193.12,97262078,0.009865094333740694
2024-06-11,193.65,207.16,193.63,207.15,172373297,0.019003268790076275
2024-06-12,207.37,220.2,206.9,213.07,198134297,0.01968563301870616
2024-06-13,214.74,216.75,211.6,214.24,97862727,0.01963934432587803
2024-06-14,213.85,215.17,211.3,212.49,70122750,0.019881575931598228
2024-06-17,213.37,218.95,212.72,216.67,93728305,0.020123139593588756
2024-06-18,217.59,218.63,213.0,214.29,79943250,0.020534102418930767
2024-06-20,213.93,214.24,208.85,209.68,86172445,0.021278781164350984
2024-06-21,210.39,211.89,207.11,207.49,246421406,0.020683247905336037
2024-06-24,207.72,212.7,206.59,208.14,80727008,0.020520107808472444
2024-06-25,209.15,211.38,208.61,209.07,56713871,0.02048581720605041
2024-06-26,211.5,214.86,210.64,213.25,66213195,0.02073691054714375
2024-06-27,214.69,215.7395,212.35,214.1,49772711,0.02074220708767312
2024-06-28,215.77,216.07,210.3,210.62,82542719,0.021370980160086966
2024-07-01,212.09,217.51,211.92,216.75,60402930,0.022063158248839164
2024-07-02,216.15,220.38,215.1,220.27,58046180,0.022154476509426268
2024-07-03,220.0,221.55,219.03,221.55,37369801,0.022154320030567085
2024-07-05,221.65,226.45,221.65,226.34,60412406,0.02213805097046318
2024-07-08,227.09,227.85,223.25,227.82,59085859,0.022117830471705867
2024-07-09,227.93,229.4,226.3721,228.68,48169820,0.02116302944579082
2024-07-10,229.3,233.08,229.25,232.98,62627688,0.01484981816739188
2024-07-11,231.39,232.39,225.77,227.57,64710621,0.01528264266486739
2024-07-12,228.92,232.64,228.68,230.54,53046527,0.015432790901362571
2024-07-15,236.48,237.23,233.09,234.4,62631246,0.015401584751879227
2024-07-16,235.0,236.27,232.33,234.82,43234281,0.015015483811379156
2024-07-17,229.45,231.4599,226.64,228.88,57345879,0.016143992162535745
2024-07-18,230.28,230.44,222.27,224.18,66034594,0.01606082026094895
2024-07-19,224.82,226.8,223.275,224.31,49151449,0.01571892140458756
2024-07-22,227.01,227.78,223.09,223.96,48201840,0.015773866475263663
2024-07-23,224.365,226.94,222.68,225.01,39960262,0.015774325082701043
2024-07-24,224.0,224.8,217.13,218.54,61777578,0.01694795977240633
2024-07-25,218.93,220.85,214.62,217.49,51391199,0.016994146105697366
2024-07-26,218.7,219.49,216.01,217.96,41601352,0.016474774443270838
2024-07-29,216.96,219.3,215.75,218.24,36311781,0.015105098311047477
2024-07-30,219.19,220.325,216.12,218.8,41643840,0.014630251307881651
2024-07-31,221.44,223.82,220.63,222.08,50036262,0.014988726865302872
2024-08-01,224.37,224.48,217.02,218.36,62501000,0.014524758987026116
2024-08-02,219.15,225.6,217.71,219.86,105568602,0.01453547926840448
2024-08-05,199.09,213.5,196.0,209.27,119548602,0.01792430556660229
2024-08-06,205.3,209.99,201.07,207.23,69660484,0.017036656335207925
2024-08-07,206.9,213.64,206.39,209.82,63516422,0.017002202612660597
2024-08-08,213.11,214.2,208.83,213.31,47161152,0.017221713598749425
